"ID","OutputTypeAdoption"
1,0
2,0
3,0
4,0
5,0
6,NA
7,1
8,0
9,0
10,0
11,0
12,0
13,0
14,1
15,0
16,0
17,NA
18,NA
19,NA
20,NA
21,0
22,1
23,0
24,1
25,0
26,1
27,0
28,1
29,NA
30,0
31,NA
32,0
33,1
34,0
35,0
36,0
37,NA
38,0
39,NA
40,1
41,0
42,1
43,0
44,1
45,1
46,1
47,NA
48,0
49,NA
50,0
51,0
52,1
53,0
54,0
55,NA
56,1
57,0
58,1
59,1
60,0
61,1
62,NA
63,0
64,1
65,1
66,0
67,0
68,1
69,0
70,1
71,1
72,0
73,1
74,0
75,1
76,0
77,0
78,NA
79,NA
80,0
81,1
82,1
83,0
84,1
85,1
86,1
87,0
88,0
89,1
90,0
91,1
92,NA
93,0
94,NA
95,1
96,0
97,NA
98,1
99,0
100,NA
101,0
102,0
103,0
104,0
105,0
106,0
107,NA
108,NA
109,0
110,NA
111,NA
112,0
113,1
114,NA
115,1
116,0
117,0
118,NA
119,1
120,1
121,0
122,0
123,0
124,1
125,1
126,0
127,1
128,0
129,0
130,0
131,0
132,0
133,1
134,0
135,1
136,0
137,NA
138,1
139,1
140,0
141,0
142,0
143,1
144,1
145,0
146,NA
147,1
148,1
149,1
150,0
151,NA
152,1
153,0
154,0
155,1
156,0
157,NA
158,1
159,NA
160,0
161,0
162,0
163,1
164,0
165,NA
166,0
167,0
168,0
169,0
170,0
171,NA
172,0
173,NA
174,NA
175,0
176,0
177,1
178,0
179,NA
180,1
181,1
182,0
183,0
184,0
185,NA
186,NA
187,1
188,0
189,0
190,0
191,NA
192,NA
193,0
194,1
195,0
196,0
197,0
198,0
199,NA
200,0
201,1
202,1
203,0
204,1
205,0
206,1
207,0
208,1
209,0
210,0
211,1
212,1
213,NA
214,1
215,1
216,NA
217,1
218,0
219,0
220,1
221,0
222,1
223,0
224,0
225,1
226,0
227,1
228,1
229,0
230,1
231,0
232,0
233,1
234,NA
235,NA
236,0
237,NA
238,1
239,0
240,1
241,1
242,1
243,1
244,NA
245,0
246,1
247,0
248,0
249,NA
250,0
251,1
252,NA
253,1
254,NA
255,1
256,0
257,NA
258,0
259,1
260,1
261,0
262,0
263,0
264,0
265,NA
266,NA
267,1
268,1
269,1
270,0
271,1
272,NA
273,0
274,1
275,NA
276,1
277,1
278,1
279,0
280,0
281,NA
282,1
283,1
284,0
285,NA
286,0
287,1
288,1
289,0
290,NA
291,1
292,0
293,1
294,NA
295,1
296,1
297,0
298,1
299,0
300,0
301,0
302,0
303,0
304,0
305,1
306,1
307,0
308,0
309,0
310,0
311,NA
312,1
313,1
314,NA
315,0
316,NA
317,1
318,1
319,1
320,0
321,0
322,1
323,1
324,0
325,0
326,0
327,0
328,NA
329,0
330,0
331,1
332,1
333,0
334,1
335,1
336,0
337,1
338,0
339,1
340,0
341,1
342,0
343,NA
344,0
345,0
346,0
347,1
348,0
349,1
350,0
351,0
352,1
353,1
354,0
355,0
356,1
357,1
358,1
359,0
360,1
361,0
362,0
363,1
364,0
365,0
366,1
367,1
368,1
369,1
370,1
371,0
372,1
373,0
374,1
375,1
376,1
377,0
378,0
379,0
380,0
381,1
382,1
383,1
384,1
385,1
386,1
387,1
388,0
389,0
390,0
391,1
392,1
393,0
394,1
395,0
396,1
397,0
398,0
399,0
400,0
401,1
402,0
403,0
404,1
405,1
406,NA
407,0
408,1
409,0
410,1
411,0
412,0
413,0
414,0
415,1
416,0
417,NA
418,0
419,0
420,1
421,0
422,1
423,1
424,0
425,1
426,1
427,1
428,1
429,0
430,1
431,1
432,NA
433,0
434,1
435,1
436,1
437,0
438,0
439,1
440,0
441,0
442,0
443,1
444,NA
445,0
446,0
447,NA
448,0
449,0
450,0
451,1
452,1
453,0
454,1
455,0
456,0
457,1
458,0
459,0
460,1
461,0
462,NA
463,1
464,0
465,0
466,0
467,1
468,1
469,0
470,1
471,1
472,1
473,1
474,0
475,0
476,0
477,1
478,NA
479,1
480,0
481,0
482,0
483,1
484,1
485,NA
486,NA
487,0
488,0
489,0
490,1
491,1
492,0
493,NA
494,0
495,0
496,1
497,0
498,0
499,0
500,1
501,1
502,NA
503,1
504,0
505,NA
506,NA
507,0
508,0
509,NA
510,0
511,0
512,1
513,0
514,1
515,1
516,NA
517,0
518,NA
519,1
520,1
521,0
522,0
523,0
524,NA
525,0
526,1
527,0
528,1
529,1
530,0
531,1
532,0
533,1
534,1
535,1
536,1
537,0
538,0
539,NA
540,NA
541,1
542,1
543,0
544,NA
545,1
546,0
547,1
548,0
549,1
550,1
551,0
552,0
553,0
554,0
555,1
556,0
557,NA
558,0
559,1
560,1
561,0
562,1
563,1
564,0
565,1
566,0
567,1
568,1
569,NA
570,0
571,0
572,NA
573,0
574,1
575,0
576,0
577,NA
578,0
579,1
580,0
581,1
582,1
583,NA
584,0
585,1
586,0
587,1
588,1
589,0
590,0
591,0
592,1
593,1
594,1
595,0
596,1
597,1
598,NA
599,0
600,0
601,1
602,0
603,1
604,1
605,1
606,1
607,0
608,1
609,1
610,0
611,0
612,NA
613,0
614,NA
615,0
616,NA
617,1
618,0
619,0
620,0
621,1
622,NA
623,1
624,1
625,0
626,0
627,NA
628,1
629,0
630,1
631,NA
632,0
633,0
634,1
635,1
636,1
637,0
638,0
639,1
640,0
641,1
642,0
643,1
644,0
645,0
646,NA
647,NA
648,1
649,0
650,1
651,1
652,0
653,NA
654,1
655,0
656,0
657,1
658,0
659,0
660,NA
661,1
662,1
663,0
664,1
665,0
666,0
667,1
668,0
669,0
670,0
671,0
672,0
673,1
674,0
675,1
676,1
677,1
678,1
679,0
680,0
681,0
682,NA
683,1
684,0
685,NA
686,0
687,1
688,0
689,NA
690,1
691,0
692,0
693,NA
694,NA
695,1
696,1
697,NA
698,1
699,0
700,NA
701,NA
702,0
703,0
704,1
705,0
706,0
707,1
708,0
709,0
710,0
711,0
712,0
713,1
714,1
715,0
716,0
717,0
718,1
719,NA
720,1
721,0
722,0
723,0
724,1
725,0
726,0
727,1
728,1
729,0
730,0
731,1
732,1
733,1
734,0
735,0
736,0
737,1
738,0
739,1
740,0
741,1
742,1
743,0
744,0
745,0
746,1
747,0
748,1
749,0
750,1
751,1
752,1
753,0
754,0
755,0
756,0
757,NA
758,1
759,0
760,0
761,0
762,1
763,1
764,NA
765,1
766,0
767,1
768,0
769,1
770,1
771,0
772,1
773,1
774,0
775,1
776,0
777,0
778,NA
779,NA
780,0
781,NA
782,1
783,NA
784,0
785,1
786,0
787,0
788,1
789,NA
790,0
791,1
792,0
793,0
794,NA
795,1
796,0
797,0
798,0
799,1
800,0
801,0
802,NA
803,1
804,NA
805,1
806,1
807,1
808,0
809,0
810,1
811,0
812,0
813,0
814,0
815,0
816,1
817,0
818,NA
819,1
820,0
821,1
822,0
823,1
824,0
825,0
826,1
827,1
828,0
829,0
830,1
831,0
832,0
833,0
834,1
835,1
836,NA
837,NA
838,1
839,1
840,0
841,0
842,0
843,1
844,0
845,0
846,1
847,0
848,1
849,0
850,0
851,0
852,NA
853,1
854,NA
855,0
856,1
857,0
858,0
859,0
860,0
861,1
862,NA
863,0
864,1
865,1
866,0
867,1
868,0
869,1
870,0
871,0
872,NA
873,0
874,1
875,1
876,1
877,0
878,0
879,NA
880,1
881,0
882,0
883,NA
884,NA
885,0
886,NA
887,NA
888,1
889,0
890,1
891,0
892,0
893,0
894,1
895,1
896,0
897,0
898,0
899,1
900,1
901,0
902,0
903,1
904,1
905,0
906,0
907,0
908,1
909,0
910,1
911,1
912,1
913,NA
914,0
915,1
916,1
917,1
918,1
919,1
920,NA
921,0
922,0
923,0
924,0
925,0
926,1
927,0
928,0
929,NA
930,0
931,1
932,NA
933,0
934,0
935,1
936,0
937,0
938,1
939,0
940,0
941,NA
942,NA
943,NA
944,1
945,NA
946,0
947,NA
948,0
949,0
950,1
951,NA
952,1
953,0
954,1
955,NA
956,NA
957,0
958,1
959,0
960,0
961,0
962,1
963,1
964,0
965,0
966,NA
967,0
968,1
969,0
970,1
971,1
972,0
973,1
974,1
975,1
976,NA
977,0
978,0
979,1
980,1
981,0
982,0
983,0
984,0
985,0
986,0
987,0
988,0
989,1
990,0
991,0
992,1
993,NA
994,0
995,0
996,0
997,1
998,1
999,0
1000,NA
1001,0
1002,0
1003,0
1004,NA
1005,0
1006,0
1007,1
1008,0
1009,NA
1010,1
1011,0
1012,NA
1013,1
1014,0
1015,1
1016,1
1017,1
1018,1
1019,1
1020,0
1021,0
1022,0
1023,0
1024,0
1025,NA
1026,0
1027,0
1028,1
1029,0
1030,0
1031,1
1032,0
1033,1
1034,1
1035,0
1036,NA
1037,0
1038,0
1039,0
1040,0
1041,1
1042,1
1043,0
1044,1
1045,1
1046,1
1047,0
1048,NA
1049,0
1050,NA
1051,0
1052,0
1053,0
1054,NA
1055,1
1056,0
1057,0
1058,0
1059,0
1060,0
1061,1
1062,NA
1063,1
1064,1
1065,1
1066,0
1067,NA
1068,0
1069,1
1070,0
1071,0
1072,0
1073,1
1074,1
1075,0
1076,0
1077,NA
1078,0
1079,1
1080,1
1081,0
1082,0
1083,0
1084,1
1085,1
1086,0
1087,NA
1088,1
1089,0
1090,1
1091,NA
1092,0
1093,0
1094,0
1095,0
1096,NA
1097,1
1098,1
1099,0
1100,1
1101,1
1102,0
1103,1
1104,0
1105,1
1106,0
1107,0
1108,0
1109,1
1110,1
1111,0
1112,0
1113,0
1114,0
1115,1
1116,NA
1117,0
1118,0
1119,0
1120,NA
1121,0
1122,1
1123,1
1124,0
1125,0
1126,1
1127,0
1128,1
1129,0
1130,NA
1131,0
1132,0
1133,1
1134,1
1135,1
1136,1
1137,NA
1138,0
1139,0
1140,0
1141,0
1142,0
1143,0
1144,0
1145,1
1146,0
1147,NA
1148,1
1149,0
1150,NA
1151,1
1152,0
1153,1
1154,0
1155,NA
1156,0
1157,1
1158,1
1159,NA
1160,0
1161,1
1162,0
1163,1
1164,NA
1165,1
1166,0
1167,1
1168,NA
1169,NA
1170,1
1171,0
1172,0
1173,0
1174,1
1175,0
1176,1
1177,1
1178,0
1179,0
1180,1
1181,1
1182,0
1183,0
1184,0
1185,1
1186,1
1187,0
1188,1
1189,1
1190,1
1191,0
1192,1
1193,0
1194,NA
1195,1
1196,1
1197,1
1198,1
1199,NA
1200,0
1201,1
1202,0
1203,1
1204,1
1205,1
1206,0
1207,NA
1208,0
1209,0
1210,NA
1211,0
1212,0
1213,0
1214,1
1215,1
1216,1
1217,1
1218,0
1219,0
1220,1
1221,1
1222,0
1223,0
1224,1
1225,0
1226,1
1227,1
1228,0
1229,NA
1230,0
1231,0
1232,0
1233,0
1234,1
1235,NA
1236,0
1237,0
1238,0
1239,1
1240,NA
1241,1
1242,1
1243,0
1244,0
1245,1
1246,NA
1247,0
1248,1
1249,1
1250,1
1251,NA
1252,0
1253,0
1254,1
1255,0
1256,NA
1257,0
1258,1
1259,1
1260,1
1261,1
1262,NA
1263,0
1264,0
1265,0
1266,0
1267,0
1268,0
1269,0
1270,0
1271,0
1272,1
1273,1
1274,0
1275,NA
1276,0
1277,0
1278,0
1279,1
1280,1
1281,1
1282,0
1283,0
1284,0
1285,1
1286,1
1287,0
1288,0
1289,NA
1290,1
1291,NA
1292,1
1293,0
1294,0
1295,0
1296,0
1297,1
1298,0
1299,NA
1300,1
1301,0
1302,1
1303,NA
1304,0
1305,0
1306,0
1307,1
1308,0
1309,NA
1310,1
1311,0
1312,NA
1313,0
1314,0
1315,0
1316,0
1317,1
1318,0
1319,0
1320,1
1321,1
1322,0
1323,1
1324,0
1325,0
1326,1
1327,1
1328,1
1329,0
1330,0
1331,1
1332,0
1333,0
1334,0
1335,0
1336,0
1337,1
1338,0
1339,0
1340,0
1341,NA
1342,0
1343,0
1344,0
1345,NA
1346,0
1347,0
1348,0
1349,0
1350,0
1351,1
1352,1
1353,NA
1354,1
1355,0
1356,0
1357,1
1358,1
1359,0
1360,1
1361,0
1362,1
1363,1
1364,0
1365,1
1366,1
1367,0
1368,0
1369,0
1370,0
1371,1
1372,1
1373,1
1374,1
1375,0
1376,1
1377,1
1378,0
1379,1
1380,0
1381,NA
1382,NA
1383,1
1384,0
1385,0
1386,0
1387,NA
1388,0
1389,NA
1390,1
1391,NA
1392,1
1393,NA
1394,0
1395,NA
1396,0
1397,1
1398,1
1399,0
1400,0
1401,NA
1402,1
1403,1
1404,0
1405,0
1406,1
1407,1
1408,0
1409,1
1410,1
1411,1
1412,NA
1413,0
1414,0
1415,1
1416,0
1417,0
1418,NA
1419,0
1420,1
1421,NA
1422,0
1423,1
1424,0
1425,0
1426,0
1427,0
1428,1
1429,0
1430,0
1431,1
1432,NA
1433,1
1434,NA
1435,1
1436,NA
1437,0
1438,1
1439,0
1440,0
1441,1
1442,0
1443,1
1444,NA
1445,0
1446,0
1447,NA
1448,1
1449,0
1450,0
1451,0
1452,1
1453,1
1454,1
1455,1
1456,1
1457,NA
1458,0
1459,1
1460,0
1461,0
1462,1
1463,1
1464,1
1465,1
1466,1
1467,0
1468,0
1469,0
1470,0
1471,0
1472,0
1473,0
1474,0
1475,1
1476,NA
1477,1
1478,1
1479,0
1480,0
1481,1
1482,0
1483,NA
1484,NA
1485,1
1486,NA
1487,NA
1488,0
1489,0
1490,1
1491,1
1492,1
1493,0
1494,1
1495,NA
1496,1
1497,0
1498,0
1499,0
1500,0
1501,0
1502,0
1503,1
1504,0
1505,0
1506,0
1507,0
1508,1
1509,0
1510,1
1511,1
1512,0
1513,0
1514,1
1515,NA
1516,1
1517,0
1518,1
1519,0
1520,NA
1521,0
1522,0
1523,1
1524,0
1525,1
1526,1
1527,NA
1528,0
1529,0
1530,NA
1531,1
1532,1
1533,NA
1534,0
1535,0
1536,0
1537,0
1538,0
1539,0
1540,NA
1541,0
1542,1
1543,1
1544,0
1545,0
1546,0
1547,0
1548,0
1549,1
1550,NA
1551,1
1552,1
1553,0
1554,0
1555,0
1556,1
1557,0
1558,NA
1559,0
1560,1
1561,0
1562,1
1563,NA
1564,1
1565,1
1566,0
1567,NA
1568,NA
1569,0
1570,1
1571,1
1572,NA
1573,1
1574,0
1575,1
1576,0
1577,0
1578,1
1579,0
1580,0
1581,0
1582,1
1583,1
1584,1
1585,1
1586,0
1587,0
1588,1
1589,1
1590,1
1591,1
1592,NA
1593,1
1594,1
1595,0
1596,NA
1597,0
1598,1
1599,0
1600,1
1601,0
1602,NA
1603,1
1604,1
1605,0
1606,0
1607,0
1608,1
1609,0
1610,1
1611,0
1612,NA
1613,NA
1614,0
1615,0
1616,0
1617,1
1618,1
1619,1
1620,0
1621,1
1622,0
1623,0
1624,0
1625,0
1626,NA
1627,0
1628,1
1629,0
1630,0
1631,1
1632,0
1633,1
1634,0
1635,0
1636,0
1637,0
1638,1
1639,NA
1640,NA
1641,0
1642,1
1643,1
1644,1
1645,0
1646,1
1647,NA
1648,1
1649,0
1650,1
1651,1
1652,1
1653,1
1654,0
1655,1
1656,0
1657,1
1658,0
1659,1
1660,0
1661,0
1662,0
1663,1
1664,1
1665,1
1666,1
1667,1
1668,1
1669,0
1670,1
1671,0
1672,NA
1673,0
1674,1
1675,NA
1676,0
1677,0
1678,0
1679,0
1680,1
1681,NA
1682,1
1683,0
1684,0
1685,1
1686,0
1687,NA
1688,1
1689,1
1690,0
1691,0
1692,0
1693,1
1694,0
1695,0
1696,1
1697,0
1698,NA
1699,1
1700,1
1701,0
1702,1
1703,1
1704,0
1705,0
1706,0
1707,1
1708,0
1709,0
1710,NA
1711,1
1712,0
1713,1
1714,1
1715,0
1716,NA
1717,0
1718,1
1719,1
1720,NA
1721,0
1722,0
1723,0
1724,0
1725,0
1726,NA
1727,0
1728,0
1729,0
1730,0
1731,1
1732,1
1733,0
1734,0
1735,0
1736,NA
1737,0
1738,0
1739,0
1740,0
1741,1
1742,0
1743,NA
1744,1
1745,0
1746,1
1747,1
1748,1
1749,1
1750,0
1751,NA
1752,NA
1753,0
1754,1
1755,0
1756,0
1757,0
1758,1
1759,NA
1760,NA
1761,NA
1762,1
1763,NA
1764,1
1765,1
1766,1
1767,0
1768,0
1769,1
1770,NA
1771,0
1772,0
1773,0
1774,0
1775,1
1776,1
1777,0
1778,1
1779,NA
1780,1
1781,0
1782,0
1783,NA
1784,0
1785,0
1786,NA
1787,0
1788,0
1789,1
1790,0
1791,0
1792,0
1793,NA
1794,0
1795,1
1796,0
1797,1
1798,0
1799,0
1800,0
1801,0
1802,0
1803,0
1804,1
1805,1
1806,1
1807,0
1808,NA
1809,1
1810,0
1811,0
1812,1
1813,0
1814,1
1815,0
1816,0
1817,0
1818,0
1819,0
1820,0
1821,0
1822,1
1823,NA
1824,0
1825,NA
1826,1
1827,1
1828,0
1829,0
1830,0
1831,1
1832,1
1833,0
1834,NA
1835,1
1836,0
1837,0
1838,1
1839,0
1840,1
1841,0
1842,1
1843,1
1844,0
1845,1
1846,1
1847,0
1848,1
1849,0
1850,0
1851,1
1852,NA
1853,0
1854,0
1855,1
1856,1
1857,NA
1858,0
1859,1
1860,1
1861,1
1862,0
1863,NA
1864,0
1865,0
1866,0
1867,1
1868,1
1869,0
1870,1
1871,1
1872,0
1873,0
1874,NA
1875,0
1876,0
1877,0
1878,NA
1879,0
1880,0
1881,1
1882,0
1883,1
1884,0
1885,1
1886,0
1887,1
1888,1
1889,0
1890,1
1891,0
1892,0
1893,0
1894,0
1895,0
1896,0
1897,1
1898,1
1899,0
1900,1
1901,0
1902,0
1903,NA
1904,NA
1905,1
1906,0
1907,0
1908,1
1909,1
1910,0
1911,NA
1912,1
1913,1
1914,0
1915,0
1916,NA
1917,0
1918,1
1919,1
1920,0
1921,NA
1922,NA
1923,1
1924,NA
1925,1
1926,1
1927,NA
1928,0
1929,0
1930,0
1931,1
1932,0
1933,0
1934,1
1935,1
1936,NA
1937,0
1938,1
1939,0
1940,0
1941,0
1942,1
1943,0
1944,0
1945,0
1946,1
1947,NA
1948,1
1949,0
1950,0
1951,0
1952,1
1953,0
1954,0
1955,0
1956,NA
1957,0
1958,0
1959,0
1960,0
1961,0
1962,1
1963,1
1964,NA
1965,0
1966,0
1967,NA
1968,0
1969,0
1970,NA
1971,NA
1972,0
1973,NA
1974,0
1975,0
1976,0
1977,0
1978,1
1979,1
1980,0
1981,NA
1982,1
1983,NA
1984,0
1985,0
1986,0
1987,1
1988,0
1989,0
1990,0
1991,0
1992,0
1993,0
1994,1
1995,NA
1996,0
1997,0
1998,0
1999,0
2000,NA
2001,1
2002,1
2003,1
2004,0
2005,NA
2006,1
2007,1
2008,0
2009,NA
2010,1
2011,0
2012,0
2013,0
2014,0
2015,0
2016,0
2017,0
2018,NA
2019,NA
2020,NA
2021,0
2022,1
2023,NA
2024,NA
2025,0
2026,0
2027,1
2028,1
2029,NA
2030,0
2031,1
2032,1
2033,0
2034,1
2035,0
2036,1
2037,1
2038,1
2039,NA
2040,0
2041,0
2042,1
2043,0
2044,1
2045,NA
2046,1
2047,0
2048,0
2049,NA
2050,0
2051,1
2052,1
2053,1
2054,0
2055,NA
2056,1
2057,0
2058,1
2059,0
2060,1
2061,0
2062,1
2063,0
2064,0
2065,0
2066,NA
2067,0
2068,0
2069,0
2070,0
2071,1
2072,1
2073,0
2074,0
2075,NA
2076,1
2077,1
2078,NA
2079,0
2080,0
2081,1
2082,NA
2083,1
2084,1
2085,0
2086,0
2087,1
2088,0
2089,1
2090,0
2091,0
2092,1
2093,0
2094,1
2095,0
2096,1
2097,1
2098,NA
2099,1
2100,0
2101,1
2102,1
2103,0
2104,1
2105,0
2106,0
2107,1
2108,1
2109,0
2110,NA
2111,0
2112,1
2113,1
2114,NA
2115,0
2116,0
2117,NA
2118,NA
2119,NA
2120,0
2121,NA
2122,0
2123,0
2124,1
2125,NA
2126,NA
2127,0
2128,0
2129,1
2130,1
2131,1
2132,0
2133,1
2134,1
2135,1
2136,0
2137,0
2138,0
2139,1
2140,1
2141,1
2142,0
2143,1
2144,0
2145,1
2146,0
2147,1
2148,0
2149,0
2150,1
2151,0
2152,0
2153,0
2154,0
2155,0
2156,1
2157,0
2158,0
2159,0
2160,0
2161,0
2162,0
2163,0
2164,NA
2165,0
2166,1
2167,NA
2168,1
2169,0
2170,1
2171,0
2172,0
2173,0
2174,0
2175,0
2176,NA
2177,0
2178,0
2179,0
2180,0
2181,0
2182,0
2183,0
2184,0
2185,NA
2186,0
2187,1
2188,NA
2189,NA
2190,0
2191,NA
2192,0
2193,0
2194,1
2195,1
2196,1
2197,NA
2198,1
2199,1
2200,0
2201,0
2202,1
2203,1
2204,1
2205,NA
2206,1
2207,0
2208,1
2209,NA
2210,NA
2211,0
2212,0
2213,1
2214,1
2215,0
2216,0
2217,0
2218,1
2219,0
2220,0
2221,NA
2222,0
2223,0
2224,NA
2225,0
2226,1
2227,1
2228,0
2229,0
2230,NA
2231,1
2232,0
2233,0
2234,0
2235,NA
2236,1
2237,1
2238,1
2239,0
2240,0
2241,0
2242,0
2243,0
2244,1
2245,1
2246,1
2247,0
2248,0
2249,1
2250,0
2251,0
2252,NA
2253,0
2254,0
2255,1
2256,0
2257,1
2258,0
2259,0
2260,NA
2261,1
2262,NA
2263,0
2264,1
2265,0
2266,1
2267,0
2268,1
2269,1
2270,1
2271,0
2272,1
2273,0
2274,0
2275,1
2276,1
2277,0
2278,NA
2279,1
2280,0
2281,1
2282,1
2283,NA
2284,0
2285,0
2286,0
2287,1
2288,0
2289,0
2290,1
2291,NA
2292,1
2293,1
2294,1
2295,0
2296,0
2297,0
2298,1
2299,0
2300,NA
2301,0
2302,0
2303,1
2304,0
2305,1
2306,0
2307,0
2308,1
2309,1
2310,1
2311,1
2312,0
2313,0
2314,0
2315,0
2316,0
2317,1
2318,0
2319,1
2320,0
2321,0
2322,0
2323,0
2324,0
2325,1
2326,0
2327,1
2328,NA
2329,0
2330,0
2331,0
2332,1
2333,NA
2334,NA
2335,NA
2336,0
2337,1
2338,1
2339,NA
2340,0
2341,0
2342,0
2343,0
2344,0
2345,1
2346,1
2347,0
2348,1
2349,1
2350,1
2351,0
2352,1
2353,0
2354,1
2355,0
2356,NA
2357,0
2358,0
2359,0
2360,0
2361,NA
2362,0
2363,0
2364,0
2365,0
2366,1
2367,1
2368,0
2369,0
2370,NA
2371,1
2372,NA
2373,1
2374,1
2375,0
2376,0
2377,0
2378,0
2379,NA
2380,1
2381,1
2382,0
2383,1
2384,0
2385,1
2386,NA
2387,0
2388,0
2389,1
2390,1
2391,1
2392,0
2393,1
2394,0
2395,1
2396,0
2397,1
2398,1
2399,1
2400,0
2401,NA
2402,0
2403,NA
2404,0
2405,0
2406,1
2407,0
2408,0
2409,1
2410,1
2411,NA
2412,0
2413,NA
2414,NA
2415,1
2416,0
2417,1
2418,1
2419,1
2420,1
2421,1
2422,NA
2423,0
2424,0
2425,0
2426,1
2427,1
2428,0
2429,0
2430,0
2431,0
2432,0
2433,0
2434,0
2435,1
2436,1
2437,1
2438,1
2439,0
2440,0
2441,NA
2442,NA
2443,0
2444,0
2445,1
2446,1
2447,0
2448,1
2449,0
2450,1
2451,1
2452,1
2453,1
2454,0
2455,0
2456,0
2457,1
2458,1
2459,1
2460,1
2461,0
2462,1
2463,1
2464,0
2465,0
2466,1
2467,0
2468,1
2469,0
2470,0
2471,0
2472,1
2473,1
2474,0
2475,NA
2476,1
2477,1
2478,1
2479,0
2480,0
2481,1
2482,0
2483,NA
2484,1
2485,0
2486,0
2487,0
2488,0
2489,1
2490,1
2491,0
2492,0
2493,NA
2494,1
2495,0
2496,0
2497,0
2498,1
2499,NA
2500,1
2501,0
2502,1
2503,0
2504,0
2505,NA
2506,1
2507,1
2508,0
2509,1
2510,0
2511,0
2512,0
2513,1
2514,1
2515,0
2516,0
2517,1
2518,0
2519,0
2520,1
2521,1
2522,0
2523,0
2524,0
2525,0
2526,0
2527,0
2528,1
2529,NA
2530,1
2531,1
2532,1
2533,1
2534,1
2535,0
2536,0
2537,0
2538,0
2539,1
2540,1
2541,0
2542,0
2543,0
2544,0
2545,0
2546,1
2547,1
2548,0
2549,0
2550,0
2551,0
2552,1
2553,0
2554,0
2555,0
2556,1
2557,0
2558,1
2559,0
2560,0
2561,NA
2562,0
2563,1
2564,1
2565,0
2566,1
2567,NA
2568,0
2569,1
2570,0
2571,NA
2572,NA
2573,NA
2574,0
2575,0
2576,0
2577,0
2578,1
2579,NA
2580,0
2581,0
2582,NA
2583,0
2584,NA
2585,0
2586,NA
2587,NA
2588,0
2589,1
2590,1
2591,1
2592,0
2593,1
2594,1
2595,0
2596,0
2597,0
2598,1
2599,NA
2600,0
2601,0
2602,0
2603,1
2604,NA
2605,0
2606,NA
2607,1
2608,1
2609,NA
2610,NA
2611,0
2612,0
2613,1
2614,0
2615,0
2616,1
2617,0
2618,NA
2619,NA
2620,0
2621,1
2622,NA
2623,0
2624,0
2625,NA
2626,1
2627,0
2628,1
2629,1
2630,1
2631,1
2632,1
2633,1
2634,0
2635,1
2636,0
2637,1
2638,0
2639,0
2640,0
2641,0
2642,1
2643,0
2644,0
2645,NA
2646,1
2647,1
2648,1
2649,1
2650,1
2651,0
2652,1
2653,0
2654,0
2655,1
2656,1
2657,0
2658,0
2659,1
2660,0
2661,0
2662,0
2663,1
2664,0
2665,0
2666,0
2667,NA
2668,0
2669,0
2670,0
2671,1
2672,NA
2673,1
2674,0
2675,1
2676,1
2677,1
2678,1
2679,NA
2680,1
2681,1
2682,1
2683,0
2684,0
2685,1
2686,0
2687,0
2688,1
2689,1
2690,1
2691,1
2692,0
2693,1
2694,1
2695,NA
2696,1
2697,0
2698,0
2699,0
2700,1
2701,0
2702,NA
2703,0
2704,1
2705,1
2706,NA
2707,0
2708,1
2709,1
2710,NA
2711,0
2712,1
2713,0
2714,0
2715,1
2716,0
2717,0
2718,0
2719,0
2720,1
2721,0
2722,0
2723,1
2724,1
2725,0
2726,0
2727,0
2728,1
2729,0
2730,1
2731,0
2732,0
2733,1
2734,1
2735,0
2736,NA
2737,1
2738,1
2739,1
2740,NA
2741,1
2742,0
2743,1
2744,1
2745,0
2746,1
2747,0
2748,NA
2749,1
2750,1
2751,0
2752,0
2753,0
2754,NA
2755,0
2756,1
2757,NA
2758,1
2759,0
2760,NA
2761,1
2762,0
2763,0
2764,1
2765,1
2766,1
2767,0
2768,0
2769,NA
2770,NA
2771,0
2772,0
2773,0
2774,1
2775,1
2776,0
2777,1
2778,1
2779,1
2780,NA
2781,NA
2782,0
2783,0
2784,1
2785,0
2786,1
2787,1
2788,1
2789,1
2790,0
2791,0
2792,0
2793,1
2794,0
2795,0
2796,NA
2797,0
2798,1
2799,1
2800,0
2801,NA
2802,0
2803,1
2804,NA
2805,0
2806,1
2807,1
2808,0
2809,0
2810,1
2811,NA
2812,1
2813,0
2814,1
2815,NA
2816,0
2817,1
2818,0
2819,NA
2820,0
2821,0
2822,0
2823,1
2824,NA
2825,NA
2826,0
2827,1
2828,1
2829,NA
2830,1
2831,NA
2832,0
2833,0
2834,0
2835,0
2836,1
2837,1
2838,1
2839,1
2840,0
2841,0
2842,0
2843,NA
2844,1
2845,NA
2846,0
2847,0
2848,0
2849,0
2850,0
2851,1
2852,0
2853,1
2854,0
2855,0
2856,0
2857,0
2858,0
2859,0
2860,1
2861,0
2862,1
2863,1
2864,0
2865,0
2866,1
2867,1
2868,1
2869,1
2870,NA
2871,0
2872,1
2873,0
2874,1
2875,0
2876,0
2877,0
2878,1
2879,NA
2880,1
2881,1
2882,0
2883,0
2884,0
2885,1
2886,0
2887,1
2888,NA
2889,0
2890,0
2891,1
2892,0
2893,0
2894,0
2895,0
2896,0
2897,1
2898,0
2899,0
2900,0
2901,1
2902,1
2903,1
2904,1
2905,1
2906,0
2907,0
2908,NA
2909,0
2910,0
2911,0
2912,0
2913,0
2914,0
2915,0
2916,0
2917,1
2918,1
2919,0
2920,NA
2921,0
2922,1
2923,NA
2924,NA
2925,0
2926,1
2927,0
2928,1
2929,0
2930,1
2931,NA
2932,0
2933,NA
2934,NA
2935,0
2936,0
2937,NA
2938,1
2939,NA
2940,0
2941,1
2942,1
2943,NA
2944,0
2945,0
2946,0
2947,0
2948,NA
2949,1
2950,1
2951,0
2952,0
2953,1
2954,NA
2955,0
2956,0
2957,0
2958,0
2959,0
2960,0
2961,0
2962,1
2963,1
2964,1
2965,1
2966,1
2967,0
2968,NA
2969,0
2970,0
2971,0
2972,0
2973,0
2974,1
2975,NA
2976,NA
2977,0
2978,0
2979,1
2980,0
2981,1
2982,0
2983,1
2984,NA
2985,1
2986,1
2987,NA
2988,1
2989,NA
2990,NA
2991,0
2992,0
2993,1
2994,0
2995,1
2996,1
2997,0
2998,0
2999,0
3000,NA
3001,0
3002,1
3003,0
3004,NA
3005,0
3006,1
3007,0
3008,1
3009,1
3010,0
3011,0
3012,1
3013,0
3014,1
3015,0
3016,1
3017,0
3018,NA
3019,1
3020,NA
3021,1
3022,0
3023,0
3024,0
3025,0
3026,0
3027,1
3028,0
3029,0
3030,1
3031,0
3032,0
3033,1
3034,0
3035,0
3036,1
3037,NA
3038,1
3039,1
3040,1
3041,0
3042,NA
3043,0
3044,1
3045,0
3046,0
3047,1
3048,1
3049,1
3050,0
3051,NA
3052,NA
3053,0
3054,0
3055,1
3056,NA
3057,0
3058,0
3059,1
3060,0
3061,0
3062,0
3063,1
3064,0
3065,0
3066,0
3067,NA
3068,1
3069,1
3070,1
3071,NA
3072,0
3073,0
3074,1
3075,1
3076,0
3077,1
3078,0
3079,NA
3080,0
3081,0
3082,1
3083,0
3084,0
3085,1
3086,0
3087,0
3088,1
3089,0
3090,0
3091,0
3092,1
3093,1
3094,1
3095,0
3096,0
3097,1
3098,0
3099,0
3100,0
3101,1
3102,NA
3103,1
3104,0
3105,1
3106,0
3107,0
3108,0
3109,1
3110,0
3111,0
3112,NA
3113,NA
3114,1
3115,0
3116,1
3117,NA
3118,1
3119,1
3120,1
3121,NA
3122,1
3123,0
3124,0
3125,1
3126,0
3127,1
3128,1
3129,0
3130,0
3131,0
3132,0
3133,NA
3134,0
3135,1
3136,0
3137,0
3138,1
3139,1
3140,0
3141,NA
3142,0
3143,0
3144,1
3145,1
3146,1
3147,1
3148,1
3149,1
3150,NA
3151,1
3152,0
3153,NA
3154,0
3155,1
3156,1
3157,0
3158,1
3159,1
3160,1
3161,0
3162,0
3163,0
3164,0
3165,1
3166,1
3167,1
3168,1
3169,0
3170,1
3171,1
3172,NA
3173,0
3174,0
3175,0
3176,1
3177,1
3178,NA
3179,0
3180,0
3181,0
3182,1
3183,1
3184,0
3185,1
3186,1
3187,0
3188,NA
3189,NA
3190,1
3191,0
3192,0
3193,0
3194,0
3195,0
3196,1
3197,1
3198,0
3199,0
3200,1
3201,NA
3202,NA
3203,0
3204,0
3205,0
3206,NA
3207,0
3208,NA
3209,0
3210,1
3211,1
3212,1
3213,1
3214,0
3215,NA
3216,0
3217,0
3218,NA
3219,1
3220,1
3221,NA
3222,1
3223,0
3224,0
3225,0
3226,NA
3227,1
3228,0
3229,1
3230,1
3231,0
3232,NA
3233,0
3234,1
3235,NA
3236,0
3237,0
3238,1
3239,0
3240,NA
3241,1
3242,1
3243,1
3244,0
3245,1
3246,NA
3247,1
3248,0
3249,1
3250,0
3251,0
3252,1
3253,1
3254,1
3255,0
3256,NA
3257,0
3258,0
3259,0
3260,1
3261,1
3262,0
3263,0
3264,1
3265,1
3266,0
3267,1
3268,1
3269,0
3270,1
3271,0
3272,1
3273,0
3274,0
3275,0
3276,NA
3277,0
3278,0
3279,0
3280,1
3281,0
3282,NA
3283,1
3284,0
3285,1
3286,1
3287,1
3288,1
3289,0
3290,1
3291,0
3292,0
3293,0
3294,0
3295,0
3296,0
3297,0
3298,0
3299,0
3300,1
3301,1
3302,0
3303,1
3304,0
3305,0
3306,0
3307,1
3308,0
3309,1
3310,1
3311,0
3312,1
3313,1
3314,0
3315,1
3316,0
3317,1
3318,0
3319,0
3320,NA
3321,0
3322,0
3323,1
3324,0
3325,0
3326,NA
3327,0
3328,0
3329,1
3330,0
3331,1
3332,1
3333,0
3334,0
3335,1
3336,NA
3337,0
3338,NA
3339,1
3340,1
3341,1
3342,NA
3343,1
3344,0
3345,0
3346,0
3347,NA
3348,1
3349,NA
3350,1
3351,0
3352,0
3353,1
3354,NA
3355,0
3356,1
3357,0
3358,NA
3359,1
3360,1
3361,NA
3362,1
3363,1
3364,1
3365,NA
3366,0
3367,0
3368,1
3369,0
3370,0
3371,0
3372,0
3373,1
3374,1
3375,1
3376,1
3377,0
3378,1
3379,1
3380,1
3381,1
3382,NA
3383,1
3384,1
3385,NA
3386,0
3387,1
3388,0
3389,0
3390,NA
3391,1
3392,NA
3393,0
3394,0
3395,0
3396,0
3397,0
3398,0
3399,1
3400,NA
3401,1
3402,0
3403,1
3404,0
3405,1
3406,1
3407,1
3408,NA
3409,0
3410,1
3411,NA
3412,1
3413,0
3414,0
3415,NA
3416,0
3417,0
3418,1
3419,1
3420,NA
3421,0
3422,0
3423,0
3424,0
3425,0
3426,0
3427,0
3428,0
3429,1
3430,0
3431,1
3432,0
3433,NA
3434,0
3435,1
3436,0
3437,1
3438,1
3439,0
3440,NA
3441,NA
3442,NA
3443,1
3444,0
3445,NA
3446,1
3447,NA
3448,1
3449,1
3450,1
3451,1
3452,1
3453,0
3454,1
3455,NA
3456,0
3457,0
3458,NA
3459,0
3460,1
3461,0
3462,0
3463,0
3464,1
3465,0
3466,1
3467,1
3468,NA
3469,NA
3470,NA
3471,0
3472,0
3473,1
3474,0
3475,1
3476,0
3477,0
3478,1
3479,0
3480,0
3481,1
3482,0
3483,NA
3484,1
3485,0
3486,0
3487,0
3488,0
3489,1
3490,0
3491,1
3492,0
3493,1
3494,0
3495,0
3496,0
3497,NA
3498,1
3499,0
3500,1
3501,0
3502,1
3503,0
3504,0
3505,0
3506,1
3507,1
3508,1
3509,0
3510,1
3511,1
3512,1
3513,0
3514,0
3515,1
3516,0
3517,0
3518,0
3519,1
3520,NA
3521,1
3522,1
3523,0
3524,1
3525,1
3526,1
3527,0
3528,1
3529,0
3530,1
3531,0
3532,1
3533,0
3534,0
3535,0
3536,1
3537,0
3538,1
3539,1
3540,1
3541,1
3542,0
3543,0
3544,0
3545,0
3546,1
3547,0
3548,0
3549,1
3550,NA
3551,0
3552,1
3553,0
3554,0
3555,1
3556,1
3557,1
3558,1
3559,0
3560,NA
3561,0
3562,1
3563,0
3564,0
3565,NA
3566,0
3567,NA
3568,0
3569,1
3570,1
3571,0
3572,0
3573,1
3574,0
3575,1
3576,0
3577,0
3578,0
3579,0
3580,NA
3581,0
3582,1
3583,0
3584,1
3585,0
3586,0
3587,0
3588,0
3589,1
3590,0
3591,NA
3592,0
3593,0
3594,0
3595,NA
3596,1
3597,1
3598,0
3599,0
3600,0
3601,NA
3602,0
3603,NA
3604,0
3605,1
3606,0
3607,0
3608,1
3609,NA
3610,0
3611,1
3612,NA
3613,0
3614,NA
3615,0
3616,NA
3617,0
3618,1
3619,0
3620,0
3621,0
3622,NA
3623,0
3624,1
3625,0
3626,1
3627,0
3628,0
3629,0
3630,1
3631,1
3632,1
3633,0
3634,0
3635,1
3636,1
3637,0
3638,NA
3639,0
3640,0
3641,0
3642,1
3643,0
3644,0
3645,1
3646,0
3647,0
3648,0
3649,0
3650,0
3651,0
3652,1
3653,1
3654,0
3655,1
3656,0
3657,NA
3658,1
3659,1
3660,0
3661,0
3662,1
3663,0
3664,0
3665,1
3666,0
3667,1
3668,0
3669,1
3670,0
3671,NA
3672,1
3673,NA
3674,0
3675,NA
3676,1
3677,0
3678,0
3679,1
3680,0
3681,1
3682,0
3683,0
3684,0
3685,0
3686,NA
3687,1
3688,0
3689,1
3690,1
3691,NA
3692,1
3693,1
3694,NA
3695,NA
3696,1
3697,0
3698,NA
3699,NA
3700,1
3701,NA
3702,0
3703,1
3704,0
3705,0
3706,0
3707,1
3708,1
3709,0
3710,0
3711,0
3712,1
3713,1
3714,NA
3715,1
3716,NA
3717,1
3718,0
3719,0
3720,1
3721,1
3722,0
3723,NA
3724,0
3725,1
3726,NA
3727,0
3728,0
3729,1
3730,1
3731,1
3732,NA
3733,1
3734,1
3735,NA
3736,NA
3737,0
3738,0
3739,0
3740,0
3741,1
3742,0
3743,1
3744,NA
3745,1
3746,0
3747,1
3748,0
3749,0
3750,0
3751,NA
3752,NA
3753,1
3754,1
3755,1
3756,0
3757,1
3758,NA
3759,0
3760,0
3761,0
3762,NA
3763,0
3764,0
3765,0
3766,0
3767,0
3768,1
3769,1
3770,0
3771,0
3772,0
3773,0
3774,1
3775,0
3776,0
3777,1
3778,1
3779,1
3780,1
3781,0
3782,1
3783,1
3784,NA
3785,NA
3786,NA
3787,0
3788,0
3789,0
3790,1
3791,0
3792,0
3793,1
3794,0
3795,1
3796,0
3797,0
3798,0
3799,1
3800,1
3801,1
3802,0
3803,1
3804,1
3805,1
3806,NA
3807,0
3808,1
3809,1
3810,1
3811,0
3812,1
3813,1
3814,1
3815,1
3816,0
3817,1
3818,0
3819,0
3820,0
3821,0
3822,0
3823,1
3824,0
3825,0
3826,0
3827,1
3828,0
3829,0
3830,0
3831,1
3832,NA
3833,NA
3834,NA
3835,1
3836,NA
3837,0
3838,1
3839,1
3840,0
3841,1
3842,1
3843,NA
3844,0
3845,0
3846,0
3847,0
3848,0
3849,0
3850,1
3851,NA
3852,1
3853,1
3854,0
3855,1
3856,0
3857,0
3858,0
3859,0
3860,0
3861,1
3862,1
3863,0
3864,1
3865,1
3866,NA
3867,0
3868,0
3869,1
3870,NA
3871,1
3872,1
3873,0
3874,1
3875,0
3876,1
3877,1
3878,NA
3879,0
3880,0
3881,1
3882,0
3883,1
3884,NA
3885,0
3886,NA
3887,0
3888,0
3889,0
3890,0
3891,1
3892,1
3893,1
3894,1
3895,0
3896,NA
3897,1
3898,NA
3899,NA
3900,0
3901,0
3902,NA
3903,1
3904,0
3905,NA
3906,1
3907,0
3908,0
3909,0
3910,1
3911,1
3912,0
3913,1
3914,0
3915,0
3916,0
3917,0
3918,0
3919,1
3920,1
3921,1
3922,1
3923,NA
3924,1
3925,0
3926,1
3927,NA
3928,0
3929,NA
3930,NA
3931,NA
3932,0
3933,NA
3934,0
3935,0
3936,0
3937,0
3938,1
3939,NA
3940,0
3941,0
3942,0
3943,0
3944,1
3945,0
3946,1
3947,0
3948,NA
3949,NA
3950,1
3951,1
3952,1
3953,NA
3954,1
3955,0
3956,0
3957,NA
3958,0
3959,0
3960,1
3961,0
3962,1
3963,1
3964,1
3965,0
3966,1
3967,1
3968,0
3969,0
3970,0
3971,1
3972,0
3973,0
3974,0
3975,0
3976,0
3977,0
3978,0
3979,0
3980,0
3981,0
3982,NA
3983,0
3984,1
3985,0
3986,NA
3987,0
3988,0
3989,1
3990,1
3991,NA
3992,0
3993,0
3994,0
3995,0
3996,0
3997,NA
3998,0
3999,1
4000,0
4001,0
4002,1
4003,NA
4004,0
4005,1
4006,0
4007,0
4008,0
4009,0
4010,0
4011,0
4012,0
4013,1
4014,1
4015,1
4016,0
4017,0
4018,0
4019,0
4020,1
4021,0
4022,0
4023,1
4024,0
4025,1
4026,0
4027,0
4028,0
4029,1
4030,0
4031,1
4032,0
4033,0
4034,0
4035,1
4036,1
4037,NA
4038,0
4039,0
4040,NA
4041,0
4042,0
4043,1
4044,0
4045,1
4046,0
4047,1
4048,1
4049,1
4050,0
4051,1
4052,1
4053,0
4054,0
4055,1
4056,0
4057,0
4058,0
4059,0
4060,0
4061,0
4062,1
4063,0
4064,0
4065,0
4066,NA
4067,NA
4068,0
4069,1
4070,0
4071,0
4072,1
4073,1
4074,1
4075,1
4076,NA
4077,1
4078,0
4079,1
4080,0
4081,1
4082,1
4083,1
4084,NA
4085,1
4086,1
4087,NA
4088,0
4089,1
4090,NA
4091,0
4092,1
4093,0
4094,0
4095,0
4096,0
4097,NA
4098,1
4099,NA
4100,1
4101,1
4102,0
4103,NA
4104,0
4105,0
4106,0
4107,0
4108,0
4109,0
4110,NA
4111,1
4112,NA
4113,0
4114,1
4115,0
4116,0
4117,0
4118,0
4119,1
4120,1
4121,1
4122,1
4123,0
4124,1
4125,NA
4126,1
4127,0
4128,0
4129,0
4130,0
4131,0
4132,0
4133,0
4134,1
4135,0
4136,0
4137,0
4138,0
4139,NA
4140,NA
4141,1
4142,0
4143,1
4144,0
4145,0
4146,0
4147,1
4148,0
4149,1
4150,NA
4151,0
4152,0
4153,1
4154,0
4155,NA
4156,1
4157,0
4158,0
4159,0
4160,0
4161,0
4162,1
4163,0
4164,NA
4165,0
4166,NA
4167,1
4168,0
4169,1
4170,1
4171,0
4172,0
4173,1
4174,1
4175,0
4176,1
4177,0
4178,0
4179,0
4180,0
4181,0
4182,0
4183,1
4184,1
4185,0
4186,1
4187,0
4188,NA
4189,1
4190,1
4191,0
4192,0
4193,NA
4194,0
4195,1
4196,0
4197,1
4198,0
4199,0
4200,1
4201,1
4202,0
4203,0
4204,1
4205,0
4206,0
4207,0
4208,NA
4209,0
4210,0
4211,NA
4212,NA
4213,1
4214,0
4215,0
4216,0
4217,0
4218,NA
4219,1
4220,NA
4221,1
4222,0
4223,0
4224,1
4225,1
4226,1
4227,1
4228,0
4229,0
4230,1
4231,NA
4232,NA
4233,0
4234,0
4235,1
4236,NA
4237,0
4238,0
4239,0
4240,1
4241,1
4242,1
4243,NA
4244,1
4245,NA
4246,NA
4247,0
4248,1
4249,1
4250,NA
4251,1
4252,0
4253,0
4254,0
4255,NA
4256,NA
4257,NA
4258,1
4259,0
4260,1
4261,0
4262,1
4263,0
4264,1
4265,0
4266,1
4267,1
4268,1
4269,0
4270,0
4271,0
4272,1
4273,0
4274,0
4275,NA
4276,1
4277,0
4278,NA
4279,1
4280,1
4281,1
4282,0
4283,0
4284,0
4285,1
4286,NA
4287,0
4288,0
4289,NA
4290,1
4291,0
4292,NA
4293,1
4294,1
4295,0
4296,0
4297,NA
4298,0
4299,0
4300,0
4301,1
4302,0
4303,0
4304,1
4305,1
4306,1
4307,1
4308,0
4309,1
4310,NA
4311,0
4312,NA
4313,0
4314,0
4315,1
4316,0
4317,NA
4318,1
4319,1
4320,0
4321,0
4322,1
4323,0
4324,NA
4325,0
4326,1
4327,1
4328,1
4329,0
4330,1
4331,0
4332,1
4333,0
4334,0
4335,1
4336,0
4337,0
4338,NA
4339,NA
4340,0
4341,1
4342,1
4343,0
4344,0
4345,1
4346,1
4347,0
4348,0
4349,1
4350,1
4351,NA
4352,0
4353,NA
4354,1
4355,0
4356,1
4357,0
4358,NA
4359,0
4360,NA
4361,NA
4362,0
4363,0
4364,NA
4365,0
4366,1
4367,0
4368,0
4369,1
4370,0
4371,1
4372,0
4373,0
4374,0
4375,1
4376,NA
4377,0
4378,NA
4379,1
4380,0
4381,1
4382,1
4383,1
4384,0
4385,0
4386,1
4387,NA
4388,0
4389,0
4390,NA
4391,1
4392,NA
4393,1
4394,0
4395,1
4396,1
4397,0
4398,0
4399,NA
4400,0
4401,NA
4402,1
4403,1
4404,NA
4405,1
4406,0
4407,1
4408,NA
4409,1
4410,1
4411,0
4412,0
4413,1
4414,1
4415,1
4416,0
4417,0
4418,1
4419,1
4420,NA
4421,NA
4422,0
4423,1
4424,NA
4425,1
4426,0
4427,1
4428,1
4429,1
4430,0
4431,1
4432,NA
4433,0
4434,1
4435,0
4436,0
4437,0
4438,0
4439,0
4440,NA
4441,1
4442,0
4443,0
4444,1
4445,NA
4446,1
4447,1
4448,NA
4449,0
4450,NA
4451,1
4452,1
4453,0
4454,0
4455,1
4456,0
4457,1
4458,0
4459,0
4460,1
4461,1
4462,1
4463,NA
4464,NA
4465,1
4466,0
4467,0
4468,NA
4469,1
4470,NA
4471,1
4472,1
4473,0
4474,NA
4475,1
4476,NA
4477,1
4478,0
4479,0
4480,1
4481,1
4482,1
4483,NA
4484,NA
4485,0
4486,1
4487,1
4488,0
4489,0
4490,0
4491,0
4492,0
4493,0
4494,0
4495,1
4496,1
4497,0
4498,0
4499,0
4500,1
4501,NA
4502,0
4503,NA
4504,1
4505,NA
4506,0
4507,1
4508,1
4509,1
4510,1
4511,0
4512,0
4513,0
4514,1
4515,0
4516,0
4517,NA
4518,0
4519,1
4520,1
4521,NA
4522,1
4523,0
4524,0
4525,NA
4526,0
4527,NA
4528,0
4529,0
4530,1
4531,NA
4532,1
4533,1
4534,1
4535,0
4536,1
4537,1
4538,0
4539,1
4540,1
4541,0
4542,0
4543,1
4544,0
4545,NA
4546,1
4547,0
4548,1
4549,0
4550,1
4551,1
4552,1
4553,1
4554,0
4555,1
4556,1
4557,0
4558,0
4559,NA
4560,0
4561,NA
4562,0
4563,1
4564,NA
4565,NA
4566,0
4567,1
4568,0
4569,0
4570,0
4571,0
4572,1
4573,0
4574,0
4575,1
4576,0
4577,1
4578,0
4579,NA
4580,1
4581,NA
4582,0
4583,0
4584,NA
4585,1
4586,0
4587,1
4588,0
4589,0
4590,NA
4591,1
4592,1
4593,0
4594,0
4595,1
4596,1
4597,0
4598,0
4599,1
4600,1
4601,0
4602,0
4603,NA
4604,0
4605,1
4606,0
4607,1
4608,NA
4609,0
4610,0
4611,NA
4612,1
4613,1
4614,1
4615,0
4616,NA
4617,0
4618,NA
4619,0
4620,1
4621,1
4622,1
4623,1
4624,1
4625,1
4626,NA
4627,0
4628,1
4629,NA
4630,0
4631,0
4632,1
4633,0
4634,1
4635,0
4636,0
4637,0
4638,0
4639,0
4640,0
4641,0
4642,0
4643,0
4644,1
4645,0
4646,1
4647,1
4648,1
4649,NA
4650,0
4651,1
4652,0
4653,0
4654,NA
4655,1
4656,1
4657,0
4658,0
4659,NA
4660,0
4661,0
4662,1
4663,1
4664,1
4665,0
4666,NA
4667,1
4668,NA
4669,0
4670,0
4671,0
4672,0
4673,1
4674,1
4675,1
4676,0
4677,1
4678,0
4679,0
4680,1
4681,NA
4682,0
4683,0
4684,NA
4685,0
4686,1
4687,0
4688,1
4689,0
4690,NA
4691,1
4692,NA
4693,1
4694,0
4695,0
4696,1
4697,0
4698,1
4699,0
4700,NA
4701,1
4702,0
4703,NA
4704,0
4705,1
4706,0
4707,NA
4708,0
4709,1
4710,1
4711,NA
4712,1
4713,1
4714,0
4715,0
4716,NA
4717,0
4718,0
4719,0
4720,0
4721,0
4722,1
4723,NA
4724,1
4725,NA
4726,0
4727,0
4728,0
4729,0
4730,1
4731,0
4732,0
4733,0
4734,0
4735,1
4736,1
4737,0
4738,1
4739,0
4740,1
4741,0
4742,1
4743,0
4744,1
4745,0
4746,NA
4747,1
4748,0
4749,0
4750,0
4751,1
4752,0
4753,0
4754,0
4755,0
4756,0
4757,0
4758,0
4759,0
4760,1
4761,0
4762,0
4763,1
4764,0
4765,0
4766,1
4767,1
4768,1
4769,0
4770,0
4771,1
4772,0
4773,1
4774,NA
4775,1
4776,0
4777,1
4778,NA
4779,1
4780,1
4781,0
4782,0
4783,1
4784,1
4785,1
4786,1
4787,1
4788,0
4789,1
4790,1
4791,1
4792,0
4793,1
4794,1
4795,0
4796,0
4797,NA
4798,0
4799,0
4800,0
4801,0
4802,1
4803,0
4804,1
4805,NA
4806,1
4807,0
4808,1
4809,1
4810,1
4811,1
4812,1
4813,1
4814,0
4815,0
4816,1
4817,1
4818,0
4819,0
4820,0
4821,0
4822,0
4823,0
4824,0
4825,0
4826,1
4827,0
4828,1
4829,0
4830,1
4831,1
4832,1
4833,0
4834,0
4835,0
4836,NA
4837,0
4838,0
4839,1
4840,NA
4841,0
4842,NA
4843,0
4844,0
4845,1
4846,0
4847,0
4848,0
4849,0
4850,0
4851,0
4852,0
4853,0
4854,0
4855,NA
4856,1
4857,NA
4858,0
4859,NA
4860,0
4861,1
4862,1
4863,0
4864,0
4865,NA
4866,0
4867,0
4868,NA
4869,0
4870,NA
4871,1
4872,0
4873,0
4874,NA
4875,1
4876,0
4877,0
4878,1
4879,0
4880,0
4881,1
4882,0
4883,1
4884,0
4885,1
4886,0
4887,0
4888,0
4889,0
4890,0
4891,1
4892,0
4893,0
4894,0
4895,1
4896,1
4897,0
4898,1
4899,1
4900,1
4901,0
4902,1
4903,NA
4904,0
4905,1
4906,0
4907,0
4908,0
4909,0
4910,0
4911,1
4912,0
4913,1
4914,0
4915,0
4916,1
4917,0
4918,1
4919,1
4920,1
4921,1
4922,0
4923,1
4924,1
4925,0
4926,0
4927,1
4928,1
4929,NA
4930,0
4931,0
4932,0
4933,NA
4934,1
4935,0
4936,0
4937,0
4938,0
4939,0
4940,1
4941,0
4942,1
4943,NA
4944,1
4945,0
4946,0
4947,NA
4948,0
4949,0
4950,1
4951,0
4952,1
4953,0
4954,1
4955,NA
4956,0
4957,1
4958,0
4959,1
4960,0
4961,1
4962,0
4963,1
4964,1
4965,0
4966,0
4967,1
4968,1
4969,0
4970,1
4971,0
4972,1
4973,1
4974,0
4975,0
4976,1
4977,0
4978,0
4979,1
4980,1
4981,0
4982,NA
4983,0
4984,1
4985,1
4986,1
4987,1
4988,1
4989,0
4990,0
4991,0
4992,0
4993,1
4994,0
4995,0
4996,0
4997,0
4998,1
4999,0
5000,1
5001,0
5002,0
5003,0
5004,0
5005,1
5006,1
5007,0
5008,1
5009,NA
5010,1
5011,0
5012,1
5013,1
5014,0
5015,0
5016,1
5017,0
5018,NA
5019,0
5020,0
5021,0
5022,1
5023,1
5024,1
5025,0
5026,0
5027,0
5028,NA
5029,0
5030,1
5031,NA
5032,0
5033,0
5034,1
5035,0
5036,0
5037,NA
5038,1
5039,1
5040,1
5041,0
5042,0
5043,NA
5044,0
5045,NA
5046,1
5047,1
5048,0
5049,1
5050,0
5051,0
5052,1
5053,0
5054,0
5055,0
5056,1
5057,1
5058,0
5059,1
5060,1
5061,0
5062,0
5063,0
5064,1
5065,0
5066,0
5067,0
5068,0
5069,NA
5070,1
5071,0
5072,0
5073,0
5074,0
5075,1
5076,1
5077,0
5078,1
5079,0
5080,0
5081,0
5082,1
5083,0
5084,0
5085,NA
5086,0
5087,0
5088,0
5089,0
5090,1
5091,1
5092,NA
5093,1
5094,0
5095,0
5096,0
5097,0
5098,0
5099,1
5100,NA
5101,1
5102,1
5103,0
5104,NA
5105,0
5106,1
5107,0
5108,1
5109,1
5110,0
5111,1
5112,1
5113,0
5114,NA
5115,1
5116,0
5117,1
5118,1
5119,0
5120,1
5121,0
5122,1
5123,0
5124,1
5125,1
5126,NA
5127,0
5128,0
5129,0
5130,0
5131,0
5132,0
5133,0
5134,1
5135,0
5136,1
5137,0
5138,0
5139,1
5140,1
5141,1
5142,1
5143,0
5144,0
5145,1
5146,1
5147,0
5148,NA
5149,1
5150,1
5151,1
5152,0
5153,1
5154,0
5155,1
5156,NA
5157,0
5158,0
5159,0
5160,1
5161,1
5162,0
5163,0
5164,0
5165,0
5166,0
5167,0
5168,0
5169,1
5170,1
5171,0
5172,1
5173,0
5174,NA
5175,0
5176,1
5177,NA
5178,0
5179,0
5180,0
5181,1
5182,1
5183,NA
5184,1
5185,0
5186,0
5187,1
5188,0
5189,0
5190,0
5191,NA
5192,0
5193,0
5194,1
5195,1
5196,0
5197,1
5198,1
5199,0
5200,1
5201,0
5202,0
5203,1
5204,1
5205,1
5206,0
5207,0
5208,0
5209,0
5210,0
5211,1
5212,NA
5213,1
5214,NA
5215,0
5216,0
5217,0
5218,1
5219,0
5220,1
5221,0
5222,0
5223,0
5224,NA
5225,1
5226,0
5227,NA
5228,0
5229,1
5230,NA
5231,0
5232,0
5233,0
5234,1
5235,1
5236,NA
5237,NA
5238,NA
5239,0
5240,0
5241,1
5242,NA
5243,1
5244,1
5245,0
5246,1
5247,1
5248,0
5249,NA
5250,0
5251,1
5252,0
5253,0
5254,0
5255,0
5256,0
5257,0
5258,0
5259,1
5260,0
5261,0
5262,1
5263,0
5264,0
5265,1
5266,0
5267,0
5268,1
5269,NA
5270,0
5271,1
5272,NA
5273,0
5274,NA
5275,0
5276,0
5277,1
5278,0
5279,1
5280,0
5281,0
5282,0
5283,0
5284,0
5285,NA
5286,0
5287,0
5288,1
5289,0
5290,1
5291,1
5292,0
5293,1
5294,0
5295,0
5296,0
5297,1
5298,0
5299,1
5300,1
5301,0
5302,0
5303,0
5304,NA
5305,1
5306,1
5307,NA
5308,1
5309,0
5310,0
5311,0
5312,1
5313,NA
5314,NA
5315,0
5316,0
5317,0
5318,0
5319,0
5320,0
5321,0
5322,0
5323,0
5324,0
5325,0
5326,1
5327,1
5328,0
5329,0
5330,0
5331,NA
5332,1
5333,0
5334,NA
5335,1
5336,0
5337,NA
5338,0
5339,0
5340,0
5341,0
5342,1
5343,0
5344,NA
5345,1
5346,0
5347,1
5348,NA
5349,0
5350,1
5351,NA
5352,0
5353,0
5354,0
5355,1
5356,1
5357,0
5358,1
5359,0
5360,0
5361,0
5362,0
5363,0
5364,0
5365,1
5366,1
5367,0
5368,0
5369,1
5370,0
5371,NA
5372,1
5373,0
5374,1
5375,NA
5376,1
5377,0
5378,0
5379,0
5380,0
5381,0
5382,1
5383,0
5384,NA
5385,0
5386,1
5387,1
5388,0
5389,1
5390,1
5391,1
5392,0
5393,0
5394,NA
5395,1
5396,1
5397,0
5398,1
5399,0
5400,0
5401,1
5402,0
5403,1
5404,0
5405,0
5406,0
5407,1
5408,1
5409,0
5410,0
5411,0
5412,0
5413,1
5414,NA
5415,NA
5416,NA
5417,0
5418,0
5419,1
5420,1
5421,1
5422,0
5423,NA
5424,0
5425,1
5426,1
5427,0
5428,0
5429,0
5430,0
5431,0
5432,0
5433,0
5434,0
5435,1
5436,1
5437,1
5438,0
5439,NA
5440,0
5441,0
5442,0
5443,0
5444,NA
5445,0
5446,0
5447,0
5448,0
5449,NA
5450,1
5451,1
5452,1
5453,0
5454,0
5455,1
5456,1
5457,0
5458,0
5459,1
5460,NA
5461,0
5462,1
5463,1
5464,1
5465,0
5466,1
5467,NA
5468,0
5469,0
5470,0
5471,NA
5472,NA
5473,0
5474,1
5475,1
5476,NA
5477,1
5478,1
5479,1
5480,1
5481,0
5482,0
5483,1
5484,0
5485,0
5486,1
5487,1
5488,NA
5489,0
5490,0
5491,0
5492,NA
5493,0
5494,1
5495,NA
5496,0
5497,NA
5498,NA
5499,1
5500,0
5501,0
5502,1
5503,0
5504,0
5505,0
5506,1
5507,1
5508,1
5509,1
5510,1
5511,0
5512,1
5513,1
5514,1
5515,0
5516,0
5517,0
5518,1
5519,0
5520,0
5521,0
5522,1
5523,NA
5524,0
5525,1
5526,NA
5527,1
5528,0
5529,1
5530,1
5531,0
5532,0
5533,0
5534,1
5535,0
5536,0
5537,1
5538,NA
5539,0
5540,1
5541,NA
5542,1
5543,0
5544,1
5545,NA
5546,NA
5547,0
5548,0
5549,0
5550,0
5551,1
5552,0
5553,0
5554,1
5555,0
5556,NA
5557,0
5558,NA
5559,0
5560,0
5561,1
5562,1
5563,1
5564,0
5565,0
5566,NA
5567,1
5568,0
5569,1
5570,1
5571,0
5572,NA
5573,NA
5574,1
5575,0
5576,0
5577,0
5578,0
5579,0
5580,0
5581,1
5582,NA
5583,NA
5584,0
5585,1
5586,NA
5587,NA
5588,1
5589,NA
5590,1
5591,0
5592,1
5593,1
5594,1
5595,0
5596,0
5597,1
5598,1
5599,0
5600,NA
5601,1
5602,1
5603,0
5604,NA
5605,NA
5606,0
5607,0
5608,1
5609,0
5610,0
5611,1
5612,0
5613,0
5614,0
5615,0
5616,0
5617,1
5618,0
5619,0
5620,NA
5621,0
5622,0
5623,1
5624,0
5625,0
5626,NA
5627,0
5628,NA
5629,1
5630,1
5631,0
5632,0
5633,NA
5634,0
5635,1
5636,0
5637,0
5638,1
5639,1
5640,1
5641,1
5642,1
5643,1
5644,1
5645,1
5646,1
5647,0
5648,1
5649,1
5650,0
5651,1
5652,1
5653,0
5654,1
5655,1
5656,1
5657,0
5658,NA
5659,1
5660,NA
5661,0
5662,NA
5663,NA
5664,0
5665,0
5666,NA
5667,1
5668,0
5669,0
5670,0
5671,0
5672,0
5673,1
5674,NA
5675,1
5676,1
5677,1
5678,0
5679,NA
5680,0
5681,NA
5682,0
5683,0
5684,0
5685,0
5686,0
5687,1
5688,NA
5689,0
5690,0
5691,NA
5692,0
5693,1
5694,1
5695,0
5696,0
5697,1
5698,0
5699,1
5700,0
5701,1
5702,0
5703,1
5704,NA
5705,1
5706,0
5707,0
5708,0
5709,1
5710,1
5711,0
5712,0
5713,0
5714,1
5715,0
5716,0
5717,0
5718,0
5719,1
5720,0
5721,0
5722,1
5723,0
5724,1
5725,0
5726,0
5727,0
5728,0
5729,1
5730,1
5731,1
5732,0
5733,0
5734,0
5735,0
5736,0
5737,0
5738,0
5739,1
5740,0
5741,NA
5742,0
5743,0
5744,0
5745,1
5746,1
5747,NA
5748,0
5749,0
5750,1
5751,0
5752,0
5753,0
5754,1
5755,NA
5756,0
5757,0
5758,1
5759,1
5760,1
5761,NA
5762,1
5763,1
5764,NA
5765,0
5766,NA
5767,0
5768,0
5769,0
5770,1
5771,0
5772,1
5773,0
5774,0
5775,1
5776,0
5777,0
5778,0
5779,0
5780,0
5781,0
5782,0
5783,1
5784,1
5785,0
5786,1
5787,1
5788,0
5789,1
5790,0
5791,0
5792,1
5793,0
5794,0
5795,1
5796,0
5797,NA
5798,1
5799,1
5800,0
5801,0
5802,0
5803,0
5804,0
5805,1
5806,0
5807,1
5808,0
5809,1
5810,NA
5811,1
5812,1
5813,0
5814,0
5815,0
5816,0
5817,0
5818,0
5819,1
5820,0
5821,1
5822,1
5823,1
5824,0
5825,NA
5826,0
5827,NA
5828,NA
5829,1
5830,0
5831,NA
5832,1
5833,1
5834,NA
5835,0
5836,0
5837,NA
5838,0
5839,0
5840,0
5841,0
5842,NA
5843,0
5844,0
5845,1
5846,0
5847,1
5848,NA
5849,1
5850,1
5851,NA
5852,NA
5853,0
5854,0
5855,NA
5856,0
5857,0
5858,NA
5859,0
5860,0
5861,1
5862,0
5863,0
5864,1
5865,0
5866,0
5867,1
5868,1
5869,0
5870,NA
5871,0
5872,0
5873,NA
5874,0
5875,NA
5876,0
5877,0
5878,1
5879,NA
5880,0
5881,1
5882,NA
5883,0
5884,0
5885,0
5886,0
5887,0
5888,0
5889,1
5890,0
5891,0
5892,0
5893,0
5894,1
5895,1
5896,NA
5897,1
5898,0
5899,0
5900,1
5901,1
5902,1
5903,1
5904,0
5905,0
5906,0
5907,NA
5908,1
5909,NA
5910,0
5911,0
5912,0
5913,NA
5914,1
5915,1
5916,NA
5917,0
5918,1
5919,NA
5920,1
5921,0
5922,1
5923,0
5924,1
5925,0
5926,0
5927,1
5928,0
5929,0
5930,0
5931,1
5932,0
5933,0
5934,0
5935,1
5936,NA
5937,0
5938,0
5939,1
5940,0
5941,0
5942,0
5943,0
5944,NA
5945,1
5946,0
5947,0
5948,1
5949,NA
5950,1
5951,0
5952,0
5953,1
5954,1
5955,0
5956,1
5957,1
5958,1
5959,1
5960,0
5961,0
5962,NA
5963,0
5964,1
5965,0
5966,1
5967,1
5968,0
5969,0
5970,0
5971,NA
5972,0
5973,0
5974,0
5975,1
5976,NA
5977,1
5978,0
5979,0
5980,NA
5981,1
5982,0
5983,0
5984,0
5985,NA
5986,0
5987,0
5988,1
5989,NA
5990,0
5991,NA
5992,1
5993,1
5994,1
5995,0
5996,NA
5997,0
5998,1
5999,0
6000,1
6001,1
6002,0
6003,1
6004,0
6005,0
6006,1
6007,1
6008,1
6009,0
6010,0
6011,0
6012,0
6013,0
6014,1
6015,1
6016,1
6017,0
6018,NA
6019,1
6020,0
6021,0
6022,1
6023,1
6024,1
6025,0
6026,0
6027,0
6028,0
6029,1
6030,1
6031,0
6032,0
6033,0
6034,1
6035,1
6036,1
6037,NA
6038,1
6039,0
6040,0
6041,1
6042,1
6043,0
6044,0
6045,0
6046,0
6047,0
6048,NA
6049,0
6050,0
6051,0
6052,1
6053,0
6054,1
6055,NA
6056,0
6057,0
6058,NA
6059,NA
6060,1
6061,0
6062,0
6063,0
6064,NA
6065,0
6066,0
6067,0
6068,1
6069,NA
6070,0
6071,1
6072,1
6073,1
6074,0
6075,0
6076,1
6077,0
6078,0
6079,0
6080,0
6081,0
6082,1
6083,NA
6084,0
6085,1
6086,0
6087,0
6088,NA
6089,1
6090,0
6091,1
6092,NA
6093,1
6094,NA
6095,0
6096,0
6097,NA
6098,0
6099,1
6100,0
6101,NA
6102,1
6103,0
6104,0
6105,NA
6106,1
6107,0
6108,1
6109,1
6110,0
6111,0
6112,NA
6113,0
6114,0
6115,0
6116,0
6117,NA
6118,0
6119,1
6120,1
6121,NA
6122,NA
6123,1
6124,1
6125,1
6126,1
6127,1
6128,0
6129,NA
6130,0
6131,1
6132,1
6133,0
6134,1
6135,0
6136,NA
6137,0
6138,1
6139,0
6140,1
6141,1
6142,0
6143,1
6144,0
6145,0
6146,NA
6147,0
6148,1
6149,0
6150,0
6151,0
6152,1
6153,NA
6154,0
6155,0
6156,0
6157,0
6158,0
6159,0
6160,1
6161,0
6162,0
6163,NA
6164,0
6165,0
6166,NA
6167,NA
6168,0
6169,1
6170,1
6171,1
6172,NA
6173,NA
6174,0
6175,0
6176,1
6177,1
6178,0
6179,NA
6180,0
6181,1
6182,0
6183,1
6184,1
6185,0
6186,1
6187,0
6188,0
6189,1
6190,1
6191,1
6192,0
6193,0
6194,0
6195,0
6196,NA
6197,0
6198,0
6199,1
6200,1
6201,1
6202,NA
6203,1
6204,0
6205,0
6206,0
6207,0
6208,NA
6209,1
6210,0
6211,0
6212,0
6213,1
6214,NA
6215,0
6216,0
6217,1
6218,1
6219,1
6220,0
6221,0
6222,1
6223,1
6224,0
6225,0
6226,NA
6227,0
6228,0
6229,NA
6230,0
6231,0
6232,0
6233,1
6234,NA
6235,1
6236,0
6237,1
6238,NA
6239,1
6240,0
6241,NA
6242,0
6243,1
6244,0
6245,1
6246,0
6247,0
6248,NA
6249,1
6250,0
6251,0
6252,NA
6253,1
6254,1
6255,0
6256,0
6257,0
6258,0
6259,1
6260,1
6261,1
6262,0
6263,0
6264,0
6265,0
6266,0
6267,0
6268,1
6269,0
6270,1
6271,1
6272,NA
6273,1
6274,1
6275,NA
6276,1
6277,0
6278,0
6279,1
6280,1
6281,NA
6282,1
6283,0
6284,0
6285,0
6286,NA
6287,1
6288,0
6289,1
6290,NA
6291,0
6292,1
6293,1
6294,NA
6295,1
6296,0
6297,1
6298,1
6299,1
6300,0
6301,0
6302,0
6303,0
6304,0
6305,1
6306,0
6307,NA
6308,0
6309,0
6310,0
6311,0
6312,1
6313,0
6314,0
6315,1
6316,0
6317,1
6318,NA
6319,0
6320,1
6321,1
6322,0
6323,0
6324,NA
6325,1
6326,0
6327,0
6328,NA
6329,0
6330,NA
6331,0
6332,1
6333,0
6334,1
6335,1
6336,0
6337,1
6338,0
6339,1
6340,0
6341,0
6342,0
6343,1
6344,0
6345,1
6346,0
6347,0
6348,NA
6349,0
6350,NA
6351,NA
6352,1
6353,1
6354,1
6355,1
6356,0
6357,1
6358,1
6359,1
6360,0
6361,1
6362,NA
6363,1
6364,0
6365,0
6366,1
6367,0
6368,0
6369,1
6370,NA
6371,NA
6372,1
6373,0
6374,0
6375,1
6376,0
6377,1
6378,0
6379,0
6380,0
6381,0
6382,NA
6383,1
6384,0
6385,0
6386,0
6387,0
6388,1
6389,0
6390,NA
6391,0
6392,1
6393,NA
6394,1
6395,1
6396,0
6397,0
6398,NA
6399,1
6400,0
6401,0
6402,NA
6403,NA
6404,0
6405,0
6406,NA
6407,1
6408,0
6409,1
6410,0
6411,0
6412,0
6413,1
6414,0
6415,0
6416,1
6417,0
6418,0
6419,0
6420,0
6421,0
6422,NA
6423,0
6424,1
6425,NA
6426,0
6427,0
6428,1
6429,NA
6430,1
6431,1
6432,NA
6433,0
6434,NA
6435,0
6436,0
6437,1
6438,1
6439,1
6440,1
6441,1
6442,1
6443,1
6444,1
6445,1
6446,NA
6447,1
6448,0
6449,1
6450,0
6451,0
6452,0
6453,0
6454,0
6455,1
6456,0
6457,0
6458,0
6459,1
6460,NA
6461,0
6462,0
6463,0
6464,0
6465,NA
6466,0
6467,1
6468,1
6469,0
6470,1
6471,0
6472,0
6473,1
6474,0
6475,0
6476,NA
6477,0
6478,NA
6479,0
6480,1
6481,0
6482,0
6483,1
6484,0
6485,0
6486,0
6487,NA
6488,0
6489,0
6490,NA
6491,NA
6492,NA
6493,0
6494,1
6495,1
6496,1
6497,0
6498,0
6499,1
6500,1
6501,1
6502,1
6503,1
6504,NA
6505,0
6506,1
6507,NA
6508,0
6509,0
6510,0
6511,1
6512,1
6513,0
6514,1
6515,0
6516,NA
6517,NA
6518,NA
6519,0
6520,1
6521,0
6522,1
6523,1
6524,1
6525,NA
6526,0
6527,0
6528,1
6529,0
6530,1
6531,0
6532,1
6533,1
6534,0
6535,1
6536,0
6537,1
6538,0
6539,1
6540,1
6541,0
6542,1
6543,0
6544,0
6545,1
6546,0
6547,0
6548,1
6549,0
6550,0
6551,1
6552,1
6553,1
6554,0
6555,0
6556,0
6557,0
6558,0
6559,1
6560,NA
6561,1
6562,1
6563,NA
6564,1
6565,0
6566,NA
6567,1
6568,0
6569,1
6570,0
6571,1
6572,NA
6573,0
6574,0
6575,1
6576,0
6577,1
6578,0
6579,0
6580,0
6581,0
6582,NA
6583,1
6584,0
6585,1
6586,NA
6587,NA
6588,0
6589,NA
6590,0
6591,0
6592,0
6593,1
6594,0
6595,0
6596,0
6597,0
6598,0
6599,1
6600,1
6601,0
6602,0
6603,0
6604,0
6605,1
6606,0
6607,0
6608,0
6609,1
6610,0
6611,0
6612,0
6613,1
6614,NA
6615,0
6616,0
6617,0
6618,NA
6619,0
6620,1
6621,1
6622,0
6623,0
6624,0
6625,0
6626,NA
6627,0
6628,0
6629,1
6630,0
6631,0
6632,NA
6633,0
6634,0
6635,0
6636,1
6637,1
6638,0
6639,NA
6640,1
6641,NA
6642,0
6643,0
6644,0
6645,0
6646,NA
6647,NA
6648,0
6649,NA
6650,1
6651,1
6652,0
6653,0
6654,0
6655,0
6656,0
6657,0
6658,1
6659,1
6660,1
6661,NA
6662,1
6663,0
6664,1
6665,NA
6666,NA
6667,1
6668,0
6669,0
6670,1
6671,0
6672,1
6673,1
6674,1
6675,1
6676,0
6677,0
6678,0
6679,1
6680,1
6681,0
6682,0
6683,1
6684,0
6685,NA
6686,0
6687,0
6688,NA
6689,0
6690,1
6691,0
6692,0
6693,0
6694,NA
6695,1
6696,NA
6697,1
6698,0
6699,0
6700,0
6701,0
6702,0
6703,0
6704,1
6705,0
6706,1
6707,1
6708,1
6709,1
6710,0
6711,0
6712,1
6713,NA
6714,0
6715,NA
6716,0
6717,0
6718,0
6719,0
6720,1
6721,0
6722,0
6723,0
6724,1
6725,1
6726,0
6727,1
6728,1
6729,0
6730,0
6731,NA
6732,1
6733,0
6734,1
6735,0
6736,NA
6737,0
6738,0
6739,1
6740,0
6741,NA
6742,0
6743,0
6744,1
6745,1
6746,1
6747,0
6748,0
6749,NA
6750,0
6751,1
6752,0
6753,0
6754,1
6755,0
6756,1
6757,1
6758,0
6759,1
6760,0
6761,1
6762,0
6763,0
6764,0
6765,0
6766,1
6767,0
6768,NA
6769,0
6770,NA
6771,1
6772,1
6773,1
6774,1
6775,0
6776,0
6777,0
6778,0
6779,0
6780,0
6781,0
6782,1
6783,0
6784,0
6785,0
6786,1
6787,0
6788,1
6789,NA
6790,0
6791,NA
6792,NA
6793,0
6794,1
6795,1
6796,1
6797,0
6798,0
6799,0
6800,0
6801,1
6802,0
6803,NA
6804,1
6805,NA
6806,1
6807,NA
6808,0
6809,0
6810,0
6811,0
6812,NA
6813,0
6814,1
6815,1
6816,0
6817,0
6818,0
6819,0
6820,1
6821,0
6822,1
6823,0
6824,1
6825,0
6826,1
6827,1
6828,1
6829,1
6830,0
6831,0
6832,0
6833,1
6834,1
6835,NA
6836,1
6837,1
6838,1
6839,0
6840,1
6841,1
6842,1
6843,0
6844,1
6845,1
6846,0
6847,1
6848,1
6849,NA
6850,1
6851,1
6852,1
6853,0
6854,1
6855,0
6856,0
6857,1
6858,1
6859,0
6860,0
6861,0
6862,1
6863,0
6864,0
6865,0
6866,0
6867,NA
6868,1
6869,1
6870,1
6871,1
6872,1
6873,0
6874,1
6875,0
6876,0
6877,1
6878,0
6879,1
6880,1
6881,1
6882,1
6883,0
6884,0
6885,1
6886,0
6887,1
6888,0
6889,0
6890,1
6891,1
6892,1
6893,1
6894,0
6895,0
6896,0
6897,0
6898,NA
6899,0
6900,1
6901,0
6902,0
6903,0
6904,1
6905,NA
6906,1
6907,0
6908,0
6909,0
6910,0
6911,1
6912,1
6913,0
6914,1
6915,0
6916,NA
6917,0
6918,0
6919,0
6920,0
6921,0
6922,1
6923,0
6924,1
6925,1
6926,0
6927,NA
6928,0
6929,NA
6930,0
6931,0
6932,NA
6933,1
6934,0
6935,NA
6936,0
6937,0
6938,1
6939,0
6940,0
6941,1
6942,0
6943,0
6944,1
6945,1
6946,0
6947,0
6948,0
6949,0
6950,NA
6951,0
6952,0
6953,0
6954,NA
6955,0
6956,1
6957,0
6958,NA
6959,1
6960,0
6961,1
6962,1
6963,1
6964,0
6965,0
6966,0
6967,0
6968,0
6969,1
6970,1
6971,0
6972,NA
6973,1
6974,1
6975,NA
6976,0
6977,0
6978,1
6979,NA
6980,0
6981,0
6982,0
6983,1
6984,0
6985,1
6986,1
6987,0
6988,0
6989,1
6990,1
6991,NA
6992,NA
6993,0
6994,0
6995,1
6996,1
6997,1
6998,1
6999,1
7000,1
7001,0
7002,1
7003,1
7004,1
7005,0
7006,1
7007,1
7008,0
7009,0
7010,0
7011,0
7012,0
7013,1
7014,0
7015,NA
7016,NA
7017,0
7018,0
7019,NA
7020,1
7021,NA
7022,NA
7023,0
7024,1
7025,NA
7026,NA
7027,1
7028,1
7029,1
7030,1
7031,0
7032,1
7033,1
7034,0
7035,0
7036,1
7037,0
7038,0
7039,1
7040,NA
7041,NA
7042,0
7043,0
7044,0
7045,0
7046,0
7047,0
7048,1
7049,0
7050,1
7051,1
7052,1
7053,1
7054,NA
7055,NA
7056,0
7057,1
7058,1
7059,NA
7060,0
7061,1
7062,0
7063,0
7064,1
7065,0
7066,0
7067,1
7068,0
7069,0
7070,0
7071,0
7072,0
7073,1
7074,0
7075,0
7076,0
7077,1
7078,0
7079,1
7080,0
7081,0
7082,1
7083,1
7084,NA
7085,0
7086,0
7087,0
7088,0
7089,1
7090,0
7091,1
7092,0
7093,0
7094,1
7095,1
7096,1
7097,0
7098,0
7099,1
7100,NA
7101,1
7102,1
7103,NA
7104,1
7105,1
7106,0
7107,0
7108,NA
7109,1
7110,1
7111,1
7112,1
7113,0
7114,0
7115,0
7116,1
7117,0
7118,1
7119,NA
7120,0
7121,NA
7122,0
7123,0
7124,1
7125,1
7126,0
7127,1
7128,1
7129,0
7130,NA
7131,1
7132,0
7133,1
7134,1
7135,NA
7136,1
7137,0
7138,0
7139,1
7140,1
7141,1
7142,0
7143,0
7144,1
7145,0
7146,0
7147,0
7148,0
7149,1
7150,0
7151,NA
7152,1
7153,0
7154,1
7155,1
7156,1
7157,1
7158,1
7159,0
7160,1
7161,0
7162,0
7163,1
7164,1
7165,0
7166,1
7167,NA
7168,0
7169,1
7170,NA
7171,0
7172,1
7173,NA
7174,NA
7175,0
7176,0
7177,0
7178,1
7179,0
7180,1
7181,NA
7182,0
7183,0
7184,1
7185,0
7186,0
7187,NA
7188,0
7189,NA
7190,NA
7191,NA
7192,1
7193,0
7194,0
7195,1
7196,1
7197,1
7198,0
7199,0
7200,1
7201,1
7202,1
7203,0
7204,0
7205,0
7206,0
7207,1
7208,0
7209,0
7210,0
7211,1
7212,NA
7213,1
7214,1
7215,0
7216,1
7217,0
7218,1
7219,0
7220,1
7221,NA
7222,1
7223,0
7224,0
7225,0
7226,0
7227,0
7228,1
7229,1
7230,0
7231,1
7232,0
7233,0
7234,0
7235,NA
7236,1
7237,1
7238,1
7239,1
7240,1
7241,NA
7242,0
7243,0
7244,NA
7245,0
7246,1
7247,1
7248,0
7249,0
7250,1
7251,0
7252,1
7253,0
7254,0
7255,0
7256,NA
7257,1
7258,1
7259,0
7260,1
7261,1
7262,1
7263,1
7264,1
7265,0
7266,1
7267,0
7268,0
7269,1
7270,0
7271,NA
7272,0
7273,NA
7274,NA
7275,1
7276,0
7277,1
7278,1
7279,0
7280,0
7281,0
7282,0
7283,NA
7284,1
7285,1
7286,1
7287,1
7288,NA
7289,0
7290,1
7291,1
7292,0
7293,0
7294,1
7295,1
7296,NA
7297,0
7298,NA
7299,0
7300,1
7301,0
7302,0
7303,0
7304,0
7305,NA
7306,0
7307,0
7308,1
7309,NA
7310,0
7311,0
7312,1
7313,NA
7314,0
7315,0
7316,NA
7317,0
7318,NA
7319,0
7320,0
7321,0
7322,0
7323,1
7324,0
7325,NA
7326,0
7327,0
7328,NA
7329,1
7330,1
7331,0
7332,1
7333,NA
7334,0
7335,1
7336,NA
7337,0
7338,0
7339,1
7340,0
7341,0
7342,NA
7343,1
7344,1
7345,0
7346,1
7347,0
7348,1
7349,0
7350,0
7351,0
7352,0
7353,0
7354,0
7355,0
7356,0
7357,0
7358,NA
7359,1
7360,1
7361,1
7362,NA
7363,0
7364,0
7365,0
7366,0
7367,0
7368,0
7369,0
7370,0
7371,1
7372,1
7373,0
7374,1
7375,1
7376,0
7377,1
7378,1
7379,0
7380,1
7381,NA
7382,0
7383,1
7384,1
7385,0
7386,0
7387,1
7388,1
7389,1
7390,NA
7391,1
7392,1
7393,1
7394,0
7395,1
7396,1
7397,0
7398,0
7399,1
7400,0
7401,0
7402,0
7403,0
7404,NA
7405,1
7406,1
7407,1
7408,NA
7409,0
7410,1
7411,0
7412,1
7413,0
7414,1
7415,1
7416,0
7417,0
7418,NA
7419,1
7420,0
7421,NA
7422,1
7423,0
7424,0
7425,0
7426,0
7427,0
7428,NA
7429,0
7430,NA
7431,1
7432,0
7433,NA
7434,0
7435,1
7436,1
7437,1
7438,1
7439,0
7440,0
7441,0
7442,0
7443,0
7444,1
7445,1
7446,NA
7447,0
7448,1
7449,1
7450,1
7451,1
7452,0
7453,1
7454,0
7455,0
7456,1
7457,0
7458,0
7459,0
7460,0
7461,1
7462,0
7463,0
7464,0
7465,1
7466,1
7467,1
7468,1
7469,0
7470,1
7471,1
7472,0
7473,0
7474,1
7475,NA
7476,1
7477,0
7478,0
7479,1
7480,0
7481,0
7482,0
7483,1
7484,0
7485,0
7486,0
7487,0
7488,1
7489,0
7490,0
7491,1
7492,NA
7493,1
7494,0
7495,0
7496,NA
7497,0
7498,1
7499,1
7500,0
7501,1
7502,1
7503,0
7504,1
7505,1
7506,1
7507,0
7508,NA
7509,0
7510,1
7511,0
7512,1
7513,0
7514,0
7515,0
7516,0
7517,NA
7518,1
7519,1
7520,0
7521,0
7522,1
7523,NA
7524,NA
7525,0
7526,0
7527,0
7528,0
7529,0
7530,0
7531,0
7532,0
7533,NA
7534,0
7535,0
7536,1
7537,1
7538,NA
7539,0
7540,1
7541,1
7542,0
7543,1
7544,1
7545,NA
7546,1
7547,1
7548,1
7549,1
7550,1
7551,NA
7552,1
7553,1
7554,0
7555,0
7556,NA
7557,1
7558,1
7559,1
7560,0
7561,1
7562,0
7563,0
7564,0
7565,1
7566,1
7567,1
7568,0
7569,0
7570,0
7571,1
7572,0
7573,NA
7574,1
7575,1
7576,1
7577,0
7578,0
7579,1
7580,0
7581,0
7582,1
7583,1
7584,1
7585,1
7586,0
7587,1
7588,1
7589,1
7590,0
7591,NA
7592,0
7593,1
7594,0
7595,NA
7596,0
7597,NA
7598,NA
7599,1
7600,1
7601,0
7602,NA
7603,1
7604,0
7605,0
7606,1
7607,1
7608,1
7609,1
7610,0
7611,NA
7612,1
7613,0
7614,0
7615,1
7616,0
7617,0
7618,1
7619,NA
7620,0
7621,0
7622,1
7623,0
7624,0
7625,0
7626,0
7627,NA
7628,1
7629,0
7630,1
7631,NA
7632,0
7633,0
7634,0
7635,0
7636,0
7637,1
7638,0
7639,1
7640,1
7641,1
7642,0
7643,1
7644,0
7645,0
7646,0
7647,1
7648,0
7649,1
7650,0
7651,1
7652,1
7653,0
7654,NA
7655,1
7656,0
7657,1
7658,1
7659,1
7660,0
7661,1
7662,1
7663,1
7664,NA
7665,0
7666,0
7667,0
7668,1
7669,0
7670,1
7671,0
7672,1
7673,1
7674,1
7675,0
7676,1
7677,NA
7678,NA
7679,0
7680,NA
7681,1
7682,0
7683,1
7684,0
7685,NA
7686,1
7687,NA
7688,NA
7689,0
7690,NA
7691,NA
7692,0
7693,1
7694,0
7695,0
7696,1
7697,1
7698,0
7699,0
7700,NA
7701,0
7702,NA
7703,0
7704,1
7705,0
7706,0
7707,1
7708,1
7709,1
7710,1
7711,1
7712,1
7713,1
7714,0
7715,NA
7716,1
7717,0
7718,0
7719,1
7720,NA
7721,0
7722,0
7723,0
7724,1
7725,1
7726,1
7727,0
7728,1
7729,0
7730,1
7731,1
7732,1
7733,0
7734,NA
7735,1
7736,1
7737,NA
7738,NA
7739,0
7740,0
7741,NA
7742,0
7743,1
7744,0
7745,0
7746,1
7747,0
7748,1
7749,0
7750,1
7751,NA
7752,1
7753,0
7754,1
7755,0
7756,1
7757,1
7758,1
7759,0
7760,NA
7761,1
7762,1
7763,0
7764,NA
7765,NA
7766,0
7767,0
7768,0
7769,0
7770,1
7771,0
7772,0
7773,NA
7774,1
7775,1
7776,1
7777,0
7778,0
7779,0
7780,1
7781,0
7782,1
7783,0
7784,NA
7785,0
7786,0
7787,1
7788,1
7789,0
7790,0
7791,0
7792,1
7793,1
7794,1
7795,1
7796,0
7797,1
7798,1
7799,0
7800,1
7801,NA
7802,0
7803,NA
7804,0
7805,1
7806,1
7807,NA
7808,1
7809,0
7810,0
7811,1
7812,0
7813,0
7814,1
7815,0
7816,1
7817,0
7818,1
7819,0
7820,0
7821,1
7822,1
7823,1
7824,0
7825,1
7826,1
7827,0
7828,NA
7829,1
7830,1
7831,0
7832,0
7833,NA
7834,1
7835,0
7836,NA
7837,0
7838,0
7839,1
7840,0
7841,0
7842,0
7843,1
7844,0
7845,0
7846,1
7847,1
7848,1
7849,NA
7850,1
7851,NA
7852,0
7853,0
7854,1
7855,0
7856,1
7857,1
7858,NA
7859,1
7860,NA
7861,1
7862,1
7863,1
7864,0
7865,1
7866,0
7867,0
7868,0
7869,1
7870,1
7871,NA
7872,0
7873,1
7874,1
7875,0
7876,NA
7877,0
7878,1
7879,1
7880,0
7881,0
7882,1
7883,0
7884,1
7885,0
7886,0
7887,0
7888,0
7889,0
7890,1
7891,0
7892,0
7893,0
7894,1
7895,1
7896,0
7897,NA
7898,0
7899,1
7900,0
7901,1
7902,1
7903,1
7904,0
7905,1
7906,0
7907,1
7908,1
7909,1
7910,0
7911,1
7912,1
7913,NA
7914,1
7915,1
7916,0
7917,0
7918,0
7919,1
7920,0
7921,0
7922,1
7923,1
7924,0
7925,1
7926,NA
7927,0
7928,1
7929,0
7930,1
7931,1
7932,1
7933,0
7934,0
7935,0
7936,0
7937,1
7938,1
7939,NA
7940,0
7941,1
7942,1
7943,NA
7944,1
7945,1
7946,0
7947,1
7948,0
7949,1
7950,0
7951,1
7952,0
7953,1
7954,0
7955,1
7956,1
7957,NA
7958,0
7959,0
7960,NA
7961,1
7962,NA
7963,1
7964,0
7965,0
7966,1
7967,1
7968,NA
7969,NA
7970,0
7971,0
7972,1
7973,1
7974,0
7975,1
7976,0
7977,1
7978,0
7979,0
7980,NA
7981,0
7982,1
7983,0
7984,0
7985,0
7986,1
7987,1
7988,0
7989,0
7990,1
7991,0
7992,1
7993,0
7994,1
7995,1
7996,0
7997,1
7998,1
7999,0
8000,1
8001,0
8002,1
8003,0
8004,0
8005,0
8006,0
8007,0
8008,1
8009,1
8010,0
8011,1
8012,0
8013,1
8014,1
8015,0
8016,NA
8017,0
8018,NA
8019,1
8020,0
8021,1
8022,NA
8023,0
8024,1
8025,0
8026,0
8027,0
8028,NA
8029,1
8030,0
8031,0
8032,0
8033,0
8034,1
8035,1
8036,1
8037,0
8038,0
8039,1
8040,0
8041,1
8042,NA
8043,0
8044,1
8045,1
8046,1
8047,0
8048,0
8049,1
8050,0
8051,0
8052,0
8053,1
8054,0
8055,1
8056,NA
8057,0
8058,0
8059,1
8060,NA
8061,NA
8062,NA
8063,0
8064,NA
8065,1
8066,0
8067,1
8068,1
8069,1
8070,0
8071,0
8072,NA
8073,1
8074,1
8075,1
8076,1
8077,1
8078,0
8079,0
8080,1
8081,0
8082,NA
8083,NA
8084,0
8085,1
8086,1
8087,1
8088,1
8089,1
8090,1
8091,1
8092,1
8093,1
8094,0
8095,0
8096,0
8097,0
8098,0
8099,NA
8100,0
8101,0
8102,NA
8103,0
8104,1
8105,NA
8106,1
8107,1
8108,1
8109,1
8110,NA
8111,0
8112,0
8113,0
8114,1
8115,1
8116,0
8117,0
8118,0
8119,1
8120,1
8121,0
8122,1
8123,1
8124,0
8125,0
8126,1
8127,1
8128,0
8129,NA
8130,0
8131,0
8132,0
8133,0
8134,0
8135,1
8136,1
8137,NA
8138,0
8139,NA
8140,0
8141,0
8142,NA
8143,NA
8144,0
8145,0
8146,1
8147,0
8148,1
8149,1
8150,0
8151,NA
8152,0
8153,1
8154,0
8155,1
8156,0
8157,0
8158,0
8159,NA
8160,NA
8161,0
8162,0
8163,0
8164,0
8165,1
8166,0
8167,0
8168,0
8169,NA
8170,1
8171,1
8172,NA
8173,1
8174,0
8175,NA
8176,1
8177,1
8178,NA
8179,0
8180,0
8181,NA
8182,0
8183,0
8184,1
8185,0
8186,0
8187,1
8188,1
8189,1
8190,0
8191,0
8192,0
8193,NA
8194,0
8195,1
8196,0
8197,0
8198,0
8199,1
8200,1
8201,0
8202,1
8203,1
8204,1
8205,0
8206,1
8207,NA
8208,1
8209,0
8210,0
8211,1
8212,0
8213,0
8214,NA
8215,1
8216,1
8217,1
8218,0
8219,0
8220,0
8221,0
8222,0
8223,NA
8224,1
8225,0
8226,NA
8227,1
8228,0
8229,1
8230,0
8231,0
8232,0
8233,0
8234,0
8235,0
8236,0
8237,1
8238,0
8239,0
8240,1
8241,1
8242,1
8243,1
8244,NA
8245,0
8246,0
8247,1
8248,1
8249,NA
8250,1
8251,NA
8252,1
8253,0
8254,1
8255,0
8256,0
8257,0
8258,0
8259,NA
8260,0
8261,0
8262,1
8263,1
8264,1
8265,1
8266,1
8267,1
8268,1
8269,1
8270,0
8271,1
8272,1
8273,0
8274,1
8275,1
8276,0
8277,NA
8278,1
8279,0
8280,0
8281,0
8282,0
8283,0
8284,1
8285,1
8286,0
8287,1
8288,0
8289,1
8290,1
8291,0
8292,0
8293,0
8294,1
8295,NA
8296,NA
8297,NA
8298,0
8299,0
8300,0
8301,1
8302,1
8303,1
8304,1
8305,1
8306,NA
8307,0
8308,0
8309,NA
8310,0
8311,1
8312,NA
8313,NA
8314,1
8315,0
8316,0
8317,NA
8318,0
8319,1
8320,1
8321,1
8322,0
8323,NA
8324,1
8325,NA
8326,0
8327,0
8328,0
8329,1
8330,0
8331,0
8332,0
8333,0
8334,NA
8335,0
8336,0
8337,0
8338,0
8339,0
8340,0
8341,NA
8342,1
8343,1
8344,0
8345,1
8346,0
8347,0
8348,1
8349,0
8350,NA
8351,NA
8352,0
8353,NA
8354,1
8355,NA
8356,NA
8357,0
8358,0
8359,0
8360,0
8361,0
8362,0
8363,1
8364,1
8365,NA
8366,0
8367,1
8368,0
8369,NA
8370,0
8371,0
8372,0
8373,1
8374,0
8375,1
8376,0
8377,NA
8378,0
8379,1
8380,NA
8381,1
8382,NA
8383,0
8384,1
8385,1
8386,0
8387,0
8388,NA
8389,1
8390,1
8391,0
8392,1
8393,0
8394,0
8395,1
8396,0
8397,0
8398,1
8399,0
8400,0
8401,0
8402,0
8403,0
8404,1
8405,1
8406,0
8407,NA
8408,1
8409,0
8410,NA
8411,0
8412,0
8413,0
8414,0
8415,1
8416,1
8417,1
8418,0
8419,0
8420,0
8421,1
8422,0
8423,0
8424,1
8425,0
8426,0
8427,0
8428,NA
8429,1
8430,1
8431,1
8432,1
8433,NA
8434,1
8435,1
8436,0
8437,0
8438,NA
8439,0
8440,1
8441,0
8442,0
8443,1
8444,1
8445,NA
8446,1
8447,0
8448,1
8449,0
8450,0
8451,0
8452,0
8453,1
8454,0
8455,0
8456,0
8457,0
8458,0
8459,0
8460,1
8461,NA
8462,1
8463,NA
8464,0
8465,1
8466,NA
8467,1
8468,0
8469,1
8470,1
8471,1
8472,1
8473,1
8474,0
8475,0
8476,0
8477,0
8478,NA
8479,1
8480,1
8481,NA
8482,1
8483,0
8484,NA
8485,0
8486,1
8487,NA
8488,1
8489,0
8490,1
8491,0
8492,0
8493,NA
8494,0
8495,0
8496,0
8497,0
8498,0
8499,0
8500,0
8501,1
8502,1
8503,0
8504,0
8505,1
8506,0
8507,1
8508,1
8509,1
8510,0
8511,0
8512,NA
8513,0
8514,NA
8515,1
8516,1
8517,1
8518,0
8519,0
8520,0
8521,1
8522,1
8523,1
8524,1
8525,0
8526,0
8527,0
8528,1
8529,1
8530,1
8531,1
8532,0
8533,1
8534,NA
8535,0
8536,0
8537,0
8538,1
8539,0
8540,0
8541,1
8542,0
8543,NA
8544,0
8545,1
8546,0
8547,NA
8548,0
8549,1
8550,1
8551,0
8552,1
8553,0
8554,0
8555,0
8556,0
8557,NA
8558,1
8559,0
8560,0
8561,0
8562,0
8563,0
8564,0
8565,1
8566,0
8567,1
8568,0
8569,NA
8570,NA
8571,0
8572,1
8573,0
8574,0
8575,NA
8576,1
8577,1
8578,1
8579,1
8580,1
8581,1
8582,NA
8583,NA
8584,NA
8585,1
8586,1
8587,1
8588,1
8589,NA
8590,0
8591,0
8592,1
8593,NA
8594,NA
8595,0
8596,0
8597,0
8598,1
8599,1
8600,0
8601,1
8602,NA
8603,0
8604,1
8605,NA
8606,1
8607,0
8608,0
8609,1
8610,NA
8611,0
8612,0
8613,0
8614,1
8615,0
8616,1
8617,1
8618,1
8619,NA
8620,1
8621,NA
8622,0
8623,1
8624,NA
8625,0
8626,0
8627,0
8628,NA
8629,1
8630,0
8631,0
8632,1
8633,1
8634,1
8635,NA
8636,0
8637,0
8638,1
8639,1
8640,0
8641,0
8642,0
8643,NA
8644,0
8645,0
8646,1
8647,0
8648,0
8649,1
8650,1
8651,NA
8652,NA
8653,0
8654,0
8655,0
8656,0
8657,0
8658,0
8659,0
8660,1
8661,0
8662,1
8663,0
8664,0
8665,1
8666,1
8667,0
8668,NA
8669,0
8670,1
8671,0
8672,0
8673,0
8674,1
8675,1
8676,0
8677,1
8678,0
8679,0
8680,1
8681,0
8682,0
8683,NA
8684,0
8685,0
8686,1
8687,1
8688,0
8689,NA
8690,1
8691,1
8692,0
8693,0
8694,0
8695,1
8696,0
8697,1
8698,0
8699,0
8700,1
8701,1
8702,0
8703,1
8704,NA
8705,0
8706,1
8707,0
8708,1
8709,0
8710,1
8711,1
8712,0
8713,0
8714,0
8715,1
8716,1
8717,NA
8718,0
8719,0
8720,1
8721,1
8722,NA
8723,NA
8724,1
8725,NA
8726,1
8727,NA
8728,0
8729,1
8730,1
8731,NA
8732,NA
8733,0
8734,NA
8735,0
8736,1
8737,1
8738,1
8739,0
8740,1
8741,0
8742,0
8743,NA
8744,0
8745,0
8746,1
8747,0
8748,0
8749,0
8750,1
8751,0
8752,0
8753,1
8754,1
8755,0
8756,0
8757,1
8758,1
8759,NA
8760,1
8761,0
8762,1
8763,NA
8764,1
8765,1
8766,0
8767,NA
8768,1
8769,1
8770,0
8771,0
8772,NA
8773,0
8774,1
8775,0
8776,0
8777,0
8778,0
8779,NA
8780,0
8781,0
8782,1
8783,0
8784,1
8785,NA
8786,NA
8787,1
8788,0
8789,NA
8790,1
8791,0
8792,NA
8793,0
8794,1
8795,NA
8796,NA
8797,0
8798,0
8799,0
8800,0
8801,0
8802,0
8803,0
8804,1
8805,0
8806,0
8807,0
8808,NA
8809,0
8810,1
8811,NA
8812,0
8813,1
8814,NA
8815,0
8816,0
8817,1
8818,1
8819,0
8820,0
8821,1
8822,0
8823,1
8824,1
8825,1
8826,1
8827,1
8828,NA
8829,1
8830,0
8831,0
8832,0
8833,1
8834,0
8835,0
8836,0
8837,NA
8838,1
8839,0
8840,0
8841,1
8842,1
8843,1
8844,NA
8845,0
8846,1
8847,0
8848,0
8849,1
8850,1
8851,1
8852,0
8853,1
8854,0
8855,0
8856,0
8857,0
8858,1
8859,0
8860,0
8861,1
8862,1
8863,0
8864,0
8865,0
8866,1
8867,1
8868,0
8869,0
8870,0
8871,0
8872,0
8873,0
8874,0
8875,1
8876,1
8877,0
8878,0
8879,0
8880,0
8881,NA
8882,1
8883,0
8884,1
8885,0
8886,1
8887,0
8888,1
8889,0
8890,1
8891,NA
8892,1
8893,1
8894,1
8895,0
8896,0
8897,0
8898,0
8899,1
8900,0
8901,0
8902,0
8903,1
8904,1
8905,0
8906,NA
8907,0
8908,0
8909,0
8910,0
8911,0
8912,0
8913,0
8914,NA
8915,0
8916,NA
8917,1
8918,0
8919,NA
8920,0
8921,0
8922,NA
8923,0
8924,1
8925,0
8926,NA
8927,0
8928,0
8929,0
8930,0
8931,0
8932,1
8933,1
8934,NA
8935,1
8936,NA
8937,1
8938,0
8939,NA
8940,0
8941,0
8942,0
8943,1
8944,0
8945,NA
8946,0
8947,1
8948,0
8949,0
8950,1
8951,1
8952,0
8953,1
8954,1
8955,1
8956,NA
8957,NA
8958,0
8959,0
8960,NA
8961,0
8962,1
8963,NA
8964,0
8965,0
8966,0
8967,0
8968,0
8969,0
8970,0
8971,1
8972,1
8973,0
8974,0
8975,0
8976,0
8977,0
8978,0
8979,1
8980,0
8981,0
8982,1
8983,0
8984,NA
8985,NA
8986,1
8987,0
8988,0
8989,0
8990,1
8991,0
8992,NA
8993,1
8994,1
8995,0
8996,1
8997,1
8998,NA
8999,NA
9000,1
9001,1
9002,0
9003,0
9004,0
9005,1
9006,0
9007,1
9008,NA
9009,0
9010,1
9011,0
9012,1
9013,1
9014,1
9015,0
9016,0
9017,0
9018,0
9019,1
9020,1
9021,0
9022,NA
9023,0
9024,0
9025,1
9026,1
9027,1
9028,0
9029,NA
9030,0
9031,1
9032,0
9033,0
9034,0
9035,1
9036,NA
9037,1
9038,1
9039,1
9040,1
9041,0
9042,1
9043,1
9044,1
9045,0
9046,0
9047,1
9048,0
9049,0
9050,NA
9051,0
9052,1
9053,1
9054,0
9055,0
9056,0
9057,NA
9058,0
9059,1
9060,NA
9061,NA
9062,0
9063,0
9064,NA
9065,1
9066,0
9067,1
9068,NA
9069,1
9070,1
9071,NA
9072,NA
9073,0
9074,NA
9075,0
9076,1
9077,1
9078,0
9079,0
9080,0
9081,1
9082,0
9083,NA
9084,0
9085,0
9086,0
9087,0
9088,0
9089,1
9090,0
9091,0
9092,1
9093,NA
9094,0
9095,1
9096,0
9097,0
9098,1
9099,1
9100,0
9101,0
9102,0
9103,0
9104,0
9105,0
9106,0
9107,1
9108,1
9109,1
9110,0
9111,0
9112,0
9113,1
9114,1
9115,0
9116,0
9117,1
9118,NA
9119,0
9120,0
9121,0
9122,0
9123,1
9124,0
9125,0
9126,1
9127,0
9128,1
9129,1
9130,0
9131,1
9132,1
9133,1
9134,1
9135,NA
9136,1
9137,1
9138,1
9139,1
9140,0
9141,0
9142,NA
9143,1
9144,1
9145,1
9146,NA
9147,NA
9148,1
9149,0
9150,1
9151,NA
9152,1
9153,0
9154,1
9155,1
9156,1
9157,1
9158,0
9159,1
9160,1
9161,1
9162,0
9163,0
9164,0
9165,0
9166,1
9167,NA
9168,0
9169,0
9170,1
9171,1
9172,0
9173,1
9174,0
9175,1
9176,NA
9177,1
9178,1
9179,1
9180,0
9181,0
9182,1
9183,1
9184,0
9185,NA
9186,1
9187,0
9188,0
9189,1
9190,0
9191,0
9192,1
9193,0
9194,1
9195,1
9196,1
9197,0
9198,0
9199,0
9200,0
9201,1
9202,1
9203,1
9204,1
9205,1
9206,1
9207,0
9208,1
9209,NA
9210,1
9211,0
9212,0
9213,1
9214,1
9215,0
9216,0
9217,0
9218,0
9219,0
9220,NA
9221,0
9222,1
9223,0
9224,1
9225,1
9226,0
9227,0
9228,1
9229,1
9230,1
9231,1
9232,1
9233,1
9234,0
9235,0
9236,0
9237,1
9238,0
9239,0
9240,1
9241,0
9242,1
9243,0
9244,0
9245,1
9246,0
9247,NA
9248,1
9249,1
9250,1
9251,1
9252,0
9253,0
9254,1
9255,0
9256,1
9257,1
9258,0
9259,1
9260,1
9261,1
9262,1
9263,0
9264,0
9265,0
9266,0
9267,1
9268,0
9269,1
9270,0
9271,1
9272,1
9273,1
9274,0
9275,0
9276,0
9277,0
9278,0
9279,1
9280,0
9281,0
9282,0
9283,0
9284,NA
9285,NA
9286,0
9287,1
9288,NA
9289,1
9290,1
9291,NA
9292,NA
9293,0
9294,1
9295,0
9296,0
9297,1
9298,0
9299,1
9300,1
9301,0
9302,1
9303,NA
9304,0
9305,1
9306,1
9307,0
9308,NA
9309,NA
9310,1
9311,NA
9312,0
9313,NA
9314,NA
9315,0
9316,1
9317,1
9318,1
9319,0
9320,1
9321,0
9322,0
9323,1
9324,NA
9325,0
9326,1
9327,0
9328,0
9329,NA
9330,0
9331,0
9332,0
9333,1
9334,1
9335,0
9336,0
9337,0
9338,1
9339,1
9340,0
9341,0
9342,0
9343,0
9344,NA
9345,0
9346,0
9347,NA
9348,1
9349,NA
9350,1
9351,0
9352,0
9353,0
9354,1
9355,0
9356,0
9357,0
9358,0
9359,1
9360,1
9361,1
9362,0
9363,0
9364,0
9365,NA
9366,0
9367,1
9368,0
9369,0
9370,NA
9371,0
9372,1
9373,0
9374,1
9375,0
9376,0
9377,0
9378,0
9379,1
9380,0
9381,NA
9382,0
9383,NA
9384,1
9385,0
9386,NA
9387,1
9388,1
9389,NA
9390,0
9391,0
9392,1
9393,0
9394,1
9395,0
9396,0
9397,0
9398,0
9399,0
9400,0
9401,1
9402,0
9403,0
9404,1
9405,0
9406,0
9407,1
9408,0
9409,0
9410,1
9411,1
9412,0
9413,1
9414,0
9415,1
9416,0
9417,1
9418,0
9419,0
9420,0
9421,0
9422,0
9423,1
9424,0
9425,1
9426,0
9427,0
9428,0
9429,1
9430,0
9431,0
9432,0
9433,NA
9434,1
9435,0
9436,1
9437,1
9438,0
9439,0
9440,0
9441,1
9442,1
9443,0
9444,0
9445,0
9446,NA
9447,0
9448,0
9449,1
9450,0
9451,NA
9452,NA
9453,NA
9454,NA
9455,0
9456,1
9457,1
9458,0
9459,1
9460,0
9461,1
9462,1
9463,NA
9464,0
9465,0
9466,1
9467,0
9468,1
9469,1
9470,1
9471,0
9472,1
9473,1
9474,1
9475,NA
9476,1
9477,1
9478,0
9479,NA
9480,1
9481,1
9482,0
9483,1
9484,1
9485,1
9486,0
9487,1
9488,1
9489,1
9490,1
9491,1
9492,0
9493,0
9494,1
9495,NA
9496,1
9497,0
9498,NA
9499,0
9500,0
9501,0
9502,1
9503,1
9504,0
9505,0
9506,1
9507,1
9508,0
9509,1
9510,0
9511,0
9512,0
9513,1
9514,1
9515,1
9516,1
9517,1
9518,1
9519,1
9520,1
9521,NA
9522,0
9523,NA
9524,NA
9525,0
9526,0
9527,1
9528,1
9529,NA
9530,0
9531,0
9532,0
9533,1
9534,1
9535,1
9536,0
9537,1
9538,1
9539,1
9540,0
9541,1
9542,0
9543,1
9544,0
9545,1
9546,0
9547,0
9548,0
9549,0
9550,0
9551,1
9552,1
9553,NA
9554,1
9555,1
9556,NA
9557,0
9558,1
9559,1
9560,1
9561,0
9562,1
9563,0
9564,1
9565,0
9566,1
9567,NA
9568,NA
9569,0
9570,1
9571,0
9572,0
9573,0
9574,0
9575,NA
9576,1
9577,0
9578,0
9579,0
9580,1
9581,0
9582,0
9583,1
9584,1
9585,0
9586,0
9587,0
9588,1
9589,0
9590,0
9591,1
9592,0
9593,1
9594,NA
9595,1
9596,0
9597,0
9598,1
9599,1
9600,0
9601,0
9602,1
9603,0
9604,0
9605,NA
9606,0
9607,NA
9608,1
9609,1
9610,0
9611,0
9612,1
9613,1
9614,0
9615,0
9616,1
9617,1
9618,0
9619,NA
9620,1
9621,0
9622,0
9623,0
9624,1
9625,1
9626,0
9627,NA
9628,0
9629,0
9630,1
9631,0
9632,0
9633,0
9634,1
9635,0
9636,0
9637,NA
9638,0
9639,0
9640,1
9641,NA
9642,0
9643,1
9644,0
9645,NA
9646,NA
9647,0
9648,0
9649,1
9650,0
9651,1
9652,NA
9653,0
9654,0
9655,NA
9656,1
9657,0
9658,1
9659,1
9660,0
9661,NA
9662,1
9663,1
9664,1
9665,1
9666,0
9667,1
9668,1
9669,1
9670,0
9671,1
9672,NA
9673,NA
9674,1
9675,0
9676,NA
9677,1
9678,0
9679,1
9680,0
9681,NA
9682,0
9683,NA
9684,1
9685,1
9686,0
9687,0
9688,0
9689,1
9690,0
9691,0
9692,1
9693,0
9694,1
9695,0
9696,0
9697,1
9698,0
9699,0
9700,0
9701,0
9702,NA
9703,0
9704,1
9705,1
9706,0
9707,1
9708,0
9709,0
9710,0
9711,1
9712,0
9713,NA
9714,0
9715,0
9716,0
9717,1
9718,0
9719,0
9720,1
9721,0
9722,NA
9723,0
9724,NA
9725,1
9726,1
9727,0
9728,1
9729,0
9730,0
9731,NA
9732,NA
9733,1
9734,0
9735,1
9736,0
9737,1
9738,1
9739,0
9740,1
9741,1
9742,NA
9743,0
9744,0
9745,0
9746,0
9747,1
9748,NA
9749,0
9750,0
9751,1
9752,1
9753,1
9754,0
9755,NA
9756,0
9757,1
9758,1
9759,0
9760,NA
9761,NA
9762,1
9763,0
9764,1
9765,NA
9766,0
9767,0
9768,1
9769,NA
9770,1
9771,0
9772,NA
9773,0
9774,0
9775,NA
9776,0
9777,NA
9778,0
9779,0
9780,1
9781,0
9782,1
9783,0
9784,1
9785,1
9786,0
9787,1
9788,NA
9789,1
9790,1
9791,0
9792,NA
9793,1
9794,0
9795,0
9796,1
9797,0
9798,0
9799,0
9800,0
9801,1
9802,0
9803,1
9804,1
9805,1
9806,NA
9807,1
9808,1
9809,NA
9810,1
9811,1
9812,0
9813,0
9814,1
9815,0
9816,NA
9817,0
9818,1
9819,NA
9820,0
9821,NA
9822,0
9823,NA
9824,NA
9825,0
9826,1
9827,1
9828,0
9829,0
9830,0
9831,0
9832,1
9833,0
9834,0
9835,1
9836,1
9837,0
9838,NA
9839,0
9840,1
9841,1
9842,1
9843,1
9844,0
9845,0
9846,1
9847,0
9848,0
9849,0
9850,1
9851,1
9852,0
9853,0
9854,0
9855,1
9856,0
9857,0
9858,0
9859,1
9860,0
9861,0
9862,1
9863,0
9864,0
9865,1
9866,NA
9867,0
9868,NA
9869,0
9870,0
9871,1
9872,0
9873,0
9874,0
9875,0
9876,1
9877,1
9878,1
9879,1
9880,1
9881,0
9882,0
9883,1
9884,1
9885,0
9886,1
9887,0
9888,0
9889,1
9890,1
9891,1
9892,0
9893,1
9894,1
9895,1
9896,1
9897,1
9898,0
9899,0
9900,NA
9901,1
9902,0
9903,NA
9904,0
9905,0
9906,1
9907,1
9908,0
9909,1
9910,NA
9911,0
9912,1
9913,0
9914,NA
9915,0
9916,0
9917,0
9918,1
9919,0
9920,0
9921,0
9922,1
9923,0
9924,NA
9925,NA
9926,1
9927,1
9928,0
9929,0
9930,0
9931,NA
9932,0
9933,0
9934,0
9935,0
9936,1
9937,1
9938,1
9939,0
9940,0
9941,0
9942,1
9943,0
9944,1
9945,0
9946,1
9947,1
9948,1
9949,1
9950,1
9951,NA
9952,0
9953,0
9954,0
9955,0
9956,NA
9957,0
9958,NA
9959,1
9960,0
9961,0
9962,0
9963,1
9964,1
9965,1
9966,1
9967,1
9968,0
9969,NA
9970,1
9971,0
9972,0
9973,0
9974,1
9975,1
9976,1
9977,1
9978,NA
9979,1
9980,1
9981,0
9982,NA
9983,0
9984,NA
9985,0
9986,1
9987,0
9988,0
9989,0
9990,NA
9991,0
9992,1
9993,NA
9994,0
9995,1
9996,0
9997,1
9998,0
9999,0
10000,1
10001,0
10002,0
10003,1
10004,1
10005,NA
10006,0
10007,0
10008,NA
10009,NA
10010,1
10011,0
10012,0
10013,1
10014,0
10015,1
10016,1
10017,1
10018,1
10019,0
10020,0
10021,1
10022,0
10023,NA
10024,0
10025,NA
10026,0
10027,0
10028,1
10029,0
10030,0
10031,1
10032,0
10033,NA
10034,0
10035,0
10036,0
10037,1
10038,0
10039,1
10040,0
10041,0
10042,1
10043,NA
10044,0
10045,1
10046,0
10047,NA
10048,1
10049,0
10050,0
10051,NA
10052,1
10053,NA
10054,0
10055,0
10056,0
10057,0
10058,0
10059,0
10060,1
10061,1
10062,1
10063,1
10064,0
10065,1
10066,1
10067,1
10068,0
10069,1
10070,1
10071,1
10072,0
10073,0
10074,1
10075,NA
10076,0
10077,1
10078,0
10079,0
10080,1
10081,0
10082,0
10083,0
10084,1
10085,0
10086,0
10087,0
10088,0
10089,0
10090,1
10091,NA
10092,0
10093,0
10094,1
10095,0
10096,0
10097,0
10098,1
10099,0
10100,0
10101,0
10102,1
10103,1
10104,1
10105,0
10106,0
10107,0
10108,1
10109,0
10110,1
10111,1
10112,0
10113,1
10114,1
10115,NA
10116,1
10117,0
10118,0
10119,1
10120,0
10121,1
10122,1
10123,1
10124,0
10125,0
10126,1
10127,1
10128,0
10129,1
10130,0
10131,1
10132,0
10133,1
10134,1
10135,0
10136,0
10137,1
10138,NA
10139,NA
10140,NA
10141,NA
10142,0
10143,0
10144,0
10145,1
10146,1
10147,1
10148,0
10149,1
10150,1
10151,1
10152,1
10153,0
10154,NA
10155,0
10156,1
10157,0
10158,0
10159,0
10160,NA
10161,1
10162,1
10163,1
10164,0
10165,0
10166,1
10167,NA
10168,1
10169,1
10170,0
10171,1
10172,1
10173,0
10174,1
10175,0
10176,1
10177,1
10178,0
10179,1
10180,1
10181,0
10182,0
10183,NA
10184,NA
10185,1
10186,1
10187,0
10188,1
10189,0
10190,1
10191,1
10192,1
10193,1
10194,0
10195,1
10196,0
10197,1
10198,0
10199,0
10200,NA
10201,0
10202,1
10203,0
10204,0
10205,1
10206,0
10207,0
10208,1
10209,0
10210,1
10211,1
10212,0
10213,1
10214,1
10215,1
10216,NA
10217,1
10218,1
10219,0
10220,0
10221,0
10222,1
10223,1
10224,1
10225,1
10226,0
10227,NA
10228,0
10229,1
10230,0
10231,0
10232,NA
10233,0
10234,1
10235,1
10236,0
10237,0
10238,0
10239,1
10240,NA
10241,NA
10242,1
10243,0
10244,0
10245,1
10246,1
10247,NA
10248,NA
10249,0
10250,NA
10251,0
10252,0
10253,NA
10254,0
10255,1
10256,NA
10257,1
10258,1
10259,1
10260,1
10261,0
10262,1
10263,1
10264,0
10265,0
10266,0
10267,0
10268,NA
10269,1
10270,NA
10271,1
10272,1
10273,NA
10274,0
10275,1
10276,1
10277,1
10278,1
10279,1
10280,0
10281,1
10282,1
10283,0
10284,0
10285,1
10286,0
10287,0
10288,0
10289,0
10290,NA
10291,NA
10292,0
10293,1
10294,1
10295,1
10296,1
10297,0
10298,0
10299,0
10300,1
10301,0
10302,0
10303,NA
10304,NA
10305,NA
10306,1
10307,0
10308,0
10309,1
10310,1
10311,NA
10312,0
10313,0
10314,NA
10315,0
10316,NA
10317,0
10318,0
10319,0
10320,1
10321,1
10322,NA
10323,1
10324,0
10325,0
10326,1
10327,1
10328,0
10329,NA
10330,0
10331,1
10332,0
10333,1
10334,1
10335,0
10336,1
10337,0
10338,0
10339,1
10340,NA
10341,0
10342,0
10343,1
10344,1
10345,0
10346,0
10347,1
10348,0
10349,1
10350,0
10351,1
10352,0
10353,1
10354,1
10355,0
10356,1
10357,NA
10358,1
10359,0
10360,0
10361,1
10362,1
10363,0
10364,0
10365,NA
10366,0
10367,NA
10368,0
10369,1
10370,1
10371,0
10372,1
10373,0
10374,0
10375,1
10376,1
10377,0
10378,0
10379,1
10380,0
10381,1
10382,NA
10383,0
10384,0
10385,0
10386,1
10387,0
10388,1
10389,1
10390,1
10391,NA
10392,0
10393,NA
10394,1
10395,1
10396,0
10397,0
10398,0
10399,NA
10400,0
10401,1
10402,0
10403,0
10404,0
10405,0
10406,NA
10407,1
10408,0
10409,1
10410,0
10411,1
10412,0
10413,NA
10414,NA
10415,NA
10416,1
10417,1
10418,1
10419,1
10420,1
10421,0
10422,0
10423,0
10424,NA
10425,0
10426,0
10427,1
10428,0
10429,0
10430,1
10431,1
10432,0
10433,0
10434,0
10435,1
10436,0
10437,0
10438,0
10439,0
10440,0
10441,1
10442,1
10443,0
10444,0
10445,1
10446,0
10447,1
10448,0
10449,0
10450,0
10451,0
10452,1
10453,0
10454,NA
10455,0
10456,0
10457,1
10458,1
10459,0
10460,NA
10461,1
10462,0
10463,0
10464,NA
10465,0
10466,0
10467,1
10468,1
10469,0
10470,1
10471,1
10472,0
10473,NA
10474,NA
10475,0
10476,1
10477,1
10478,0
10479,0
10480,1
10481,1
10482,1
10483,0
10484,1
10485,NA
10486,1
10487,1
10488,NA
10489,0
10490,0
10491,NA
10492,NA
10493,0
10494,1
10495,0
10496,0
10497,0
10498,0
10499,0
10500,0
10501,0
10502,0
10503,NA
10504,0
10505,1
10506,NA
10507,1
10508,1
10509,0
10510,0
10511,0
10512,1
10513,NA
10514,1
10515,0
10516,0
10517,0
10518,1
10519,0
10520,1
10521,1
10522,0
10523,0
10524,0
10525,1
10526,0
10527,0
10528,1
10529,0
10530,0
10531,NA
10532,1
10533,0
10534,1
10535,0
10536,0
10537,NA
10538,1
10539,0
10540,0
10541,1
10542,0
10543,1
10544,1
10545,NA
10546,1
10547,0
10548,1
10549,NA
10550,0
10551,1
10552,NA
10553,1
10554,0
10555,0
10556,0
10557,0
10558,0
10559,1
10560,NA
10561,0
10562,1
10563,0
10564,0
10565,1
10566,NA
10567,0
10568,1
10569,0
10570,0
10571,1
10572,0
10573,1
10574,0
10575,0
10576,0
10577,0
10578,0
10579,0
10580,0
10581,0
10582,1
10583,0
10584,1
10585,NA
10586,NA
10587,1
10588,1
10589,0
10590,0
10591,1
10592,0
10593,1
10594,NA
10595,NA
10596,1
10597,1
10598,0
10599,0
10600,1
10601,0
10602,0
10603,0
10604,0
10605,0
10606,NA
10607,NA
10608,0
10609,0
10610,1
10611,1
10612,NA
10613,0
10614,0
10615,1
10616,1
10617,1
10618,NA
10619,1
10620,0
10621,1
10622,1
10623,0
10624,1
10625,1
10626,0
10627,0
10628,0
10629,0
10630,1
10631,0
10632,0
10633,1
10634,0
10635,0
10636,0
10637,0
10638,1
10639,0
10640,0
10641,1
10642,1
10643,0
10644,1
10645,0
10646,0
10647,0
10648,1
10649,1
10650,0
10651,1
10652,0
10653,0
10654,0
10655,0
10656,0
10657,0
10658,1
10659,1
10660,1
10661,1
10662,0
10663,NA
10664,0
10665,0
10666,1
10667,0
10668,0
10669,NA
10670,0
10671,1
10672,NA
10673,0
10674,1
10675,1
10676,0
10677,1
10678,1
10679,0
10680,1
10681,1
10682,0
10683,NA
10684,1
10685,1
10686,0
10687,1
10688,1
10689,0
10690,NA
10691,1
10692,1
10693,0
10694,NA
10695,0
10696,NA
10697,NA
10698,0
10699,1
10700,1
10701,NA
10702,0
10703,1
10704,0
10705,NA
10706,0
10707,0
10708,NA
10709,NA
10710,NA
10711,NA
10712,0
10713,1
10714,0
10715,0
10716,0
10717,0
10718,NA
10719,1
10720,0
10721,1
10722,0
10723,1
10724,1
10725,1
10726,NA
10727,NA
10728,1
10729,1
10730,1
10731,0
10732,0
10733,1
10734,0
10735,0
10736,0
10737,0
10738,0
10739,1
10740,1
10741,0
10742,NA
10743,0
10744,1
10745,0
10746,0
10747,1
10748,1
10749,0
10750,0
10751,0
10752,0
10753,0
10754,NA
10755,NA
10756,0
10757,1
10758,1
10759,0
10760,0
10761,0
10762,1
10763,NA
10764,0
10765,NA
10766,NA
10767,0
10768,1
10769,1
10770,0
10771,1
10772,0
10773,1
10774,0
10775,1
10776,0
10777,0
10778,0
10779,0
10780,1
10781,NA
10782,1
10783,1
10784,1
10785,NA
10786,0
10787,0
10788,1
10789,0
10790,1
10791,0
10792,0
10793,0
10794,1
10795,0
10796,1
10797,0
10798,0
10799,1
10800,1
10801,NA
10802,1
10803,1
10804,1
10805,NA
10806,1
10807,1
10808,NA
10809,0
10810,1
10811,NA
10812,1
10813,0
10814,1
10815,0
10816,0
10817,0
10818,0
10819,0
10820,0
10821,0
10822,0
10823,0
10824,1
10825,0
10826,0
10827,0
10828,0
10829,1
10830,NA
10831,1
10832,0
10833,1
10834,1
10835,0
10836,0
10837,1
10838,0
10839,1
10840,0
10841,0
10842,1
10843,1
10844,1
10845,0
10846,NA
10847,0
10848,1
10849,0
10850,0
10851,0
10852,1
10853,0
10854,0
10855,1
10856,0
10857,0
10858,0
10859,1
10860,1
10861,1
10862,0
10863,1
10864,0
10865,0
10866,1
10867,0
10868,1
10869,0
10870,0
10871,0
10872,0
10873,0
10874,1
10875,0
10876,0
10877,0
10878,1
10879,1
10880,1
10881,NA
10882,0
10883,1
10884,0
10885,0
10886,NA
10887,0
10888,0
10889,0
10890,0
10891,1
10892,1
10893,0
10894,0
10895,1
10896,NA
10897,0
10898,0
10899,0
10900,1
10901,0
10902,0
10903,0
10904,1
10905,0
10906,1
10907,0
10908,0
10909,1
10910,1
10911,NA
10912,0
10913,0
10914,1
10915,1
10916,0
10917,NA
10918,1
10919,0
10920,NA
10921,NA
10922,1
10923,1
10924,1
10925,0
10926,0
10927,0
10928,0
10929,0
10930,1
10931,1
10932,NA
10933,0
10934,0
10935,0
10936,0
10937,0
10938,NA
10939,1
10940,1
10941,1
10942,1
10943,0
10944,0
10945,NA
10946,NA
10947,NA
10948,1
10949,0
10950,NA
10951,1
10952,0
10953,NA
10954,1
10955,1
10956,0
10957,0
10958,NA
10959,0
10960,0
10961,0
10962,1
10963,1
10964,1
10965,NA
10966,1
10967,1
10968,0
10969,1
10970,0
10971,1
10972,0
10973,0
10974,NA
10975,NA
10976,NA
10977,0
10978,1
10979,0
10980,NA
10981,NA
10982,0
10983,1
10984,0
10985,1
10986,1
10987,1
10988,1
10989,0
10990,0
10991,1
10992,0
10993,NA
10994,1
10995,0
10996,0
10997,0
10998,0
10999,0
11000,1
11001,0
11002,0
11003,0
11004,0
11005,NA
11006,0
11007,1
11008,1
11009,0
11010,0
11011,0
11012,NA
11013,0
11014,0
11015,0
11016,1
11017,NA
11018,1
11019,NA
11020,1
11021,1
11022,NA
11023,0
11024,1
11025,1
11026,1
11027,0
11028,0
11029,0
11030,0
11031,1
11032,0
11033,0
11034,1
11035,1
11036,NA
11037,1
11038,0
11039,NA
11040,0
11041,1
11042,1
11043,0
11044,0
11045,1
11046,1
11047,1
11048,0
11049,0
11050,1
11051,0
11052,1
11053,0
11054,1
11055,0
11056,0
11057,0
11058,1
11059,1
11060,1
11061,0
11062,1
11063,0
11064,0
11065,1
11066,1
11067,NA
11068,1
11069,NA
11070,1
11071,0
11072,0
11073,0
11074,1
11075,0
11076,0
11077,1
11078,0
11079,0
11080,1
11081,1
11082,0
11083,NA
11084,0
11085,0
11086,1
11087,1
11088,0
11089,0
11090,0
11091,0
11092,0
11093,0
11094,NA
11095,NA
11096,1
11097,1
11098,1
11099,1
11100,NA
11101,0
11102,NA
11103,1
11104,NA
11105,0
11106,0
11107,1
11108,NA
11109,1
11110,1
11111,NA
11112,1
11113,0
11114,NA
11115,0
11116,NA
11117,0
11118,NA
11119,0
11120,0
11121,0
11122,0
11123,0
11124,0
11125,0
11126,0
11127,1
11128,1
11129,0
11130,0
11131,1
11132,1
11133,1
11134,1
11135,0
11136,1
11137,1
11138,NA
11139,1
11140,0
11141,0
11142,0
11143,0
11144,0
11145,1
11146,1
11147,0
11148,1
11149,0
11150,0
11151,0
11152,NA
11153,0
11154,1
11155,1
11156,1
11157,1
11158,NA
11159,0
11160,0
11161,0
11162,0
11163,1
11164,0
11165,0
11166,0
11167,NA
11168,0
11169,0
11170,1
11171,1
11172,1
11173,1
11174,1
11175,0
11176,1
11177,1
11178,0
11179,1
11180,1
11181,1
11182,NA
11183,0
11184,1
11185,0
11186,0
11187,1
11188,1
11189,0
11190,0
11191,0
11192,1
11193,1
11194,0
11195,NA
11196,0
11197,0
11198,NA
11199,0
11200,0
11201,0
11202,1
11203,0
11204,0
11205,0
11206,0
11207,0
11208,1
11209,NA
11210,0
11211,0
11212,0
11213,1
11214,0
11215,0
11216,1
11217,NA
11218,1
11219,0
11220,NA
11221,0
11222,0
11223,0
11224,0
11225,1
11226,0
11227,NA
11228,0
11229,0
11230,NA
11231,1
11232,1
11233,0
11234,1
11235,0
11236,0
11237,1
11238,0
11239,1
11240,1
11241,0
11242,1
11243,NA
11244,NA
11245,0
11246,0
11247,1
11248,0
11249,0
11250,0
11251,0
11252,0
11253,NA
11254,NA
11255,1
11256,0
11257,1
11258,NA
11259,0
11260,0
11261,0
11262,1
11263,0
11264,NA
11265,0
11266,0
11267,0
11268,NA
11269,NA
11270,0
11271,0
11272,1
11273,0
11274,1
11275,0
11276,0
11277,NA
11278,1
11279,0
11280,1
11281,0
11282,1
11283,0
11284,0
11285,0
11286,NA
11287,0
11288,1
11289,1
11290,1
11291,1
11292,0
11293,1
11294,0
11295,1
11296,1
11297,0
11298,1
11299,1
11300,0
11301,NA
11302,1
11303,0
11304,1
11305,0
11306,1
11307,1
11308,0
11309,1
11310,0
11311,1
11312,NA
11313,1
11314,0
11315,1
11316,0
11317,0
11318,0
11319,0
11320,1
11321,0
11322,0
11323,1
11324,0
11325,0
11326,1
11327,0
11328,0
11329,0
11330,0
11331,0
11332,0
11333,1
11334,0
11335,0
11336,1
11337,0
11338,0
11339,NA
11340,0
11341,1
11342,0
11343,1
11344,1
11345,1
11346,1
11347,0
11348,0
11349,1
11350,0
11351,0
11352,0
11353,1
11354,0
11355,1
11356,0
11357,0
11358,0
11359,0
11360,0
11361,1
11362,1
11363,1
11364,0
11365,0
11366,0
11367,0
11368,1
11369,1
11370,1
11371,NA
11372,1
11373,1
11374,1
11375,NA
11376,NA
11377,1
11378,NA
11379,0
11380,1
11381,1
11382,0
11383,0
11384,0
11385,NA
11386,NA
11387,1
11388,0
11389,0
11390,0
11391,0
11392,0
11393,1
11394,1
11395,1
11396,1
11397,NA
11398,1
11399,0
11400,0
11401,0
11402,NA
11403,0
11404,NA
11405,0
11406,1
11407,1
11408,0
11409,0
11410,0
11411,0
11412,0
11413,0
11414,0
11415,1
11416,0
11417,1
11418,0
11419,0
11420,1
11421,1
11422,NA
11423,1
11424,NA
11425,NA
11426,0
11427,NA
11428,0
11429,NA
11430,0
11431,1
11432,1
11433,NA
11434,0
11435,1
11436,1
11437,1
11438,0
11439,1
11440,0
11441,1
11442,NA
11443,0
11444,0
11445,1
11446,1
11447,1
11448,0
11449,1
11450,0
11451,0
11452,1
11453,1
11454,1
11455,1
11456,NA
